"ID"	"Description"	"GeneRatio"	"BgRatio"	"pvalue"	"p.adjust"	"qvalue"	"geneID"	"Count"
"R-HSA-5368286"	"Mitochondrial translation initiation"	"8/201"	"87/10654"	0.000227839391232199	0.0574155265905142	0.0560404958785164	"MRPL15/MRPL34/MRPL37/MRPS15/MRPS21/MRPS23/MRPS28/OXA1L"	8
"R-HSA-5389840"	"Mitochondrial translation elongation"	"8/201"	"87/10654"	0.000227839391232199	0.0574155265905142	0.0560404958785164	"MRPL15/MRPL34/MRPL37/MRPS15/MRPS21/MRPS23/MRPS28/OXA1L"	8
"R-HSA-5419276"	"Mitochondrial translation termination"	"8/201"	"87/10654"	0.000227839391232199	0.0574155265905142	0.0560404958785164	"MRPL15/MRPL34/MRPL37/MRPS15/MRPS21/MRPS23/MRPS28/OXA1L"	8
