"ID"	"Description"	"GeneRatio"	"BgRatio"	"pvalue"	"p.adjust"	"qvalue"	"geneID"	"Count"
"R-HSA-983189"	"Kinesins"	"3/43"	"59/10654"	0.00170102546845561	0.356416852827302	0.349076459977312	"29127/3835/10112"	3
"R-HSA-2173795"	"Downregulation of SMAD2/3:SMAD4 transcriptional activity"	"2/43"	"23/10654"	0.00381487455430763	0.356416852827302	0.349076459977312	"51592/64750"	2
"R-HSA-674695"	"RNA Polymerase II Pre-transcription Events"	"3/43"	"84/10654"	0.00464891547166046	0.356416852827302	0.349076459977312	"4300/85403/2960"	3
"R-HSA-6811434"	"COPI-dependent Golgi-to-ER retrograde traffic"	"3/43"	"99/10654"	0.00733896613273377	0.421990552632192	0.413299671685534	"29127/3835/10112"	3
