"ID"	"Description"	"GeneRatio"	"BgRatio"	"pvalue"	"p.adjust"	"qvalue"	"geneID"	"Count"
"R-HSA-3700989"	"Transcriptional Regulation by TP53"	"40/591"	"365/10654"	2.69974711102801e-05	0.0213221385380022	0.0207147368723445	"84883/83990/27154/839/891/1111/25904/29883/9337/2071/54815/2962/2965/3364/84289/387893/389541/10542/79109/4343/4683/9891/5395/10848/10419/55615/5875/144715/5933/5982/6118/64121/27244/6872/23112/57690/8626/7296/7486/7529"	40
"R-HSA-5368286"	"Mitochondrial translation initiation"	"15/591"	"87/10654"	7.7324165142347e-05	0.0213221385380022	0.0207147368723445	"54998/29088/11222/64981/64978/26589/51642/116541/78988/3396/51649/28957/51081/5018/55037"	15
"R-HSA-5389840"	"Mitochondrial translation elongation"	"15/591"	"87/10654"	7.7324165142347e-05	0.0213221385380022	0.0207147368723445	"54998/29088/11222/64981/64978/26589/51642/116541/78988/3396/51649/28957/51081/5018/55037"	15
"R-HSA-5419276"	"Mitochondrial translation termination"	"15/591"	"87/10654"	7.7324165142347e-05	0.0213221385380022	0.0207147368723445	"54998/29088/11222/64981/64978/26589/51642/116541/78988/3396/51649/28957/51081/5018/55037"	15
"R-HSA-5368287"	"Mitochondrial translation"	"15/591"	"93/10654"	0.000168590836152737	0.0371911384552937	0.0361316781481023	"54998/29088/11222/64981/64978/26589/51642/116541/78988/3396/51649/28957/51081/5018/55037"	15
"R-HSA-5674400"	"Constitutive Signaling by AKT1 E17K in Cancer"	"7/591"	"25/10654"	0.000311751977665804	0.0573104052275636	0.0556778093445243	"572/1147/2308/2309/2931/79109/55615"	7
