"ID"	"Description"	"GeneRatio"	"BgRatio"	"pvalue"	"p.adjust"	"qvalue"	"geneID"	"Count"
"R-HSA-110373"	"Resolution of AP sites via the multiple-nucleotide patch replacement pathway"	"2/33"	"26/10654"	0.00288642999449125	0.279537198124702	0.246899158658237	"10038/5982"	2
"R-HSA-8979227"	"Triglyceride metabolism"	"2/33"	"37/10654"	0.00579057081140066	0.279537198124702	0.246899158658237	"2712/5346"	2
"R-HSA-73933"	"Resolution of Abasic Sites (AP sites)"	"2/33"	"39/10654"	0.00641784213901448	0.279537198124702	0.246899158658237	"10038/5982"	2
"R-HSA-5696400"	"Dual Incision in GG-NER"	"2/33"	"41/10654"	0.00707471505744525	0.279537198124702	0.246899158658237	"10038/5982"	2
"R-HSA-9024446"	"NR1H2 and NR1H3-mediated signaling"	"2/33"	"47/10654"	0.00921928537583014	0.279537198124702	0.246899158658237	"29116/5346"	2
"R-HSA-6802952"	"Signaling by BRAF and RAF fusions"	"2/33"	"67/10654"	0.018144911443321	0.279537198124702	0.246899158658237	"22866/11044"	2
