"ID"	"Description"	"GeneRatio"	"BgRatio"	"pvalue"	"p.adjust"	"qvalue"	"geneID"	"Count"
"R-HSA-74752"	"Signaling by Insulin receptor"	"3/28"	"78/10654"	0.00108400448605232	0.102430635519776	0.0829397858459726	"535/526/2887"	3
"R-HSA-77387"	"Insulin receptor recycling"	"2/28"	"26/10654"	0.00208195890404257	0.102430635519776	0.0829397858459726	"535/526"	2
"R-HSA-917977"	"Transferrin endocytosis and recycling"	"2/28"	"31/10654"	0.00295472987076277	0.102430635519776	0.0829397858459726	"535/526"	2
"R-HSA-1222556"	"ROS and RNS production in phagocytes"	"2/28"	"36/10654"	0.00397085326996649	0.103242185019129	0.083596910946663	"535/526"	2
"R-HSA-72165"	"mRNA Splicing - Minor Pathway"	"2/28"	"52/10654"	0.00814393486752666	0.149377684074968	0.120953590344104	"10081/10907"	2
"R-HSA-5620924"	"Intraflagellar transport"	"2/28"	"54/10654"	0.00876043367514431	0.149377684074968	0.120953590344104	"51668/55112"	2
