"ID"	"Description"	"GeneRatio"	"BgRatio"	"pvalue"	"p.adjust"	"qvalue"	"geneID"	"Count"
"R-HSA-76009"	"Platelet Aggregation (Plug Formation)"	"2/33"	"39/10654"	0.00641784213901448	0.263888621315151	0.240362568072232	"151/5908"	2
"R-HSA-1793185"	"Chondroitin sulfate/dermatan sulfate metabolism"	"2/33"	"50/10654"	0.0103871866128716	0.263888621315151	0.240362568072232	"411/221914"	2
"R-HSA-428157"	"Sphingolipid metabolism"	"2/33"	"89/10654"	0.0308108945879664	0.263888621315151	0.240362568072232	"411/8879"	2
"R-HSA-2980736"	"Peptide hormone metabolism"	"2/33"	"90/10654"	0.0314509614620179	0.263888621315151	0.240362568072232	"10159/3798"	2
"R-HSA-1839122"	"Signaling by activated point mutants of FGFR1"	"1/33"	"11/10654"	0.0335644215756534	0.263888621315151	0.240362568072232	"2249"	1
"R-HSA-189451"	"Heme biosynthesis"	"1/33"	"11/10654"	0.0335644215756534	0.263888621315151	0.240362568072232	"211"	1
