"ID"	"Description"	"GeneRatio"	"BgRatio"	"pvalue"	"p.adjust"	"qvalue"	"geneID"	"Count"
"R-HSA-6791226"	"Major pathway of rRNA processing in the nucleolus and cytosol"	"5/35"	"185/10654"	0.000318066876784247	0.0358482680147563	0.0302237829608073	"11340/6134/6136/9045/22803"	5
"R-HSA-8868773"	"rRNA processing in the nucleus and cytosol"	"5/35"	"195/10654"	0.00040535178482795	0.0358482680147563	0.0302237829608073	"11340/6134/6136/9045/22803"	5
"R-HSA-72312"	"rRNA processing"	"5/35"	"205/10654"	0.000509691014427815	0.0358482680147563	0.0302237829608073	"11340/6134/6136/9045/22803"	5
"R-HSA-2024096"	"HS-GAG degradation"	"2/35"	"22/10654"	0.00232406790020233	0.0761230491927052	0.0641795725296442	"2719/6448"	2
"R-HSA-156902"	"Peptide chain elongation"	"3/35"	"89/10654"	0.00304028378007053	0.0761230491927052	0.0641795725296442	"6134/6136/9045"	3
"R-HSA-192823"	"Viral mRNA Translation"	"3/35"	"89/10654"	0.00304028378007053	0.0761230491927052	0.0641795725296442	"6134/6136/9045"	3
