"ID"	"Description"	"GeneRatio"	"BgRatio"	"pvalue"	"p.adjust"	"qvalue"	"geneID"	"Count"
"R-HSA-6804115"	"TP53 regulates transcription of additional cell cycle genes whose exact role in the p53 pathway remain uncertain"	"2/30"	"21/10654"	0.00155704300681813	0.0836306470066741	0.0683544607113374	"25904/29883"	2
"R-HSA-429947"	"Deadenylation of mRNA"	"2/30"	"25/10654"	0.00220884405976074	0.0836306470066741	0.0683544607113374	"25904/29883"	2
"R-HSA-72689"	"Formation of a pool of free 40S subunits"	"3/30"	"101/10654"	0.00278796559633186	0.0836306470066741	0.0683544607113374	"10480/6134/9045"	3
"R-HSA-156827"	"L13a-mediated translational silencing of Ceruloplasmin expression"	"3/30"	"111/10654"	0.0036412975414025	0.0836306470066741	0.0683544607113374	"10480/6134/9045"	3
"R-HSA-72706"	"GTP hydrolysis and joining of the 60S ribosomal subunit"	"3/30"	"112/10654"	0.00373444690273263	0.0836306470066741	0.0683544607113374	"10480/6134/9045"	3
"R-HSA-927802"	"Nonsense-Mediated Decay (NMD)"	"3/30"	"115/10654"	0.0040226276444776	0.0836306470066741	0.0683544607113374	"4116/6134/9045"	3
