"ID"	"Description"	"GeneRatio"	"BgRatio"	"pvalue"	"p.adjust"	"qvalue"	"geneID"	"Count"
"R-HSA-427389"	"ERCC6 (CSB) and EHMT2 (G9a) positively regulate rRNA expression"	"2/25"	"76/10654"	0.0135489722725853	0.377860835005833	0.352146537484484	"54815/3021"	2
"R-HSA-428643"	"Organic anion transporters"	"1/25"	"10/10654"	0.0232288383212769	0.377860835005833	0.352146537484484	"57084"	1
"R-HSA-5250913"	"Positive epigenetic regulation of rRNA expression"	"2/25"	"106/10654"	0.0253482802927851	0.377860835005833	0.352146537484484	"54815/3021"	2
"R-HSA-3247509"	"Chromatin modifying enzymes"	"3/25"	"274/10654"	0.0254782934746184	0.377860835005833	0.352146537484484	"55352/54815/23210"	3
"R-HSA-4839726"	"Chromatin organization"	"3/25"	"274/10654"	0.0254782934746184	0.377860835005833	0.352146537484484	"55352/54815/23210"	3
"R-HSA-2022923"	"Dermatan sulfate biosynthesis"	"1/25"	"11/10654"	0.0255230208693759	0.377860835005833	0.352146537484484	"10090"	1
