"ID"	"Description"	"GeneRatio"	"BgRatio"	"pvalue"	"p.adjust"	"qvalue"	"geneID"	"Count"
"R-HSA-156902"	"Peptide chain elongation"	"3/32"	"89/10654"	0.00234595041361162	0.0677687081164148	0.0541552090211085	"23521/9045/11224"	3
"R-HSA-192823"	"Viral mRNA Translation"	"3/32"	"89/10654"	0.00234595041361162	0.0677687081164148	0.0541552090211085	"23521/9045/11224"	3
"R-HSA-156842"	"Eukaryotic Translation Elongation"	"3/32"	"93/10654"	0.00265893966343653	0.0677687081164148	0.0541552090211085	"23521/9045/11224"	3
"R-HSA-2408557"	"Selenocysteine synthesis"	"3/32"	"93/10654"	0.00265893966343653	0.0677687081164148	0.0541552090211085	"23521/9045/11224"	3
"R-HSA-72764"	"Eukaryotic Translation Termination"	"3/32"	"93/10654"	0.00265893966343653	0.0677687081164148	0.0541552090211085	"23521/9045/11224"	3
"R-HSA-975956"	"Nonsense Mediated Decay (NMD) independent of the Exon Junction Complex (EJC)"	"3/32"	"95/10654"	0.0028246575709367	0.0677687081164148	0.0541552090211085	"23521/9045/11224"	3
