"ID"	"Description"	"GeneRatio"	"BgRatio"	"pvalue"	"p.adjust"	"qvalue"	"geneID"	"Count"
"R-HSA-1362300"	"Transcription of E2F targets under negative control by p107 (RBL1) and p130 (RBL2) in complex with HDAC1"	"2/50"	"16/10654"	0.0024837414178584	0.271728097086446	0.268814832887663	"286826/5933"	2
"R-HSA-1362277"	"Transcription of E2F targets under negative control by DREAM complex"	"2/50"	"19/10654"	0.00350767624593374	0.271728097086446	0.268814832887663	"286826/5933"	2
"R-HSA-170834"	"Signaling by TGF-beta Receptor Complex"	"3/50"	"73/10654"	0.00480289575449225	0.271728097086446	0.268814832887663	"5499/5933/7046"	3
"R-HSA-2173788"	"Downregulation of TGF-beta receptor signaling"	"2/50"	"26/10654"	0.00652855382886716	0.271728097086446	0.268814832887663	"5499/7046"	2
"R-HSA-1538133"	"G0 and Early G1"	"2/50"	"27/10654"	0.00702981422574619	0.271728097086446	0.268814832887663	"286826/5933"	2
"R-HSA-69205"	"G1/S-Specific Transcription"	"2/50"	"28/10654"	0.00754800269684572	0.271728097086446	0.268814832887663	"286826/5933"	2
