"ID"	"Description"	"GeneRatio"	"BgRatio"	"pvalue"	"p.adjust"	"qvalue"	"geneID"	"Count"
"R-HSA-1482922"	"Acyl chain remodelling of PI"	"2/30"	"17/10654"	0.00101545242966982	0.154348769309813	0.1496456212145	"79143/5321"	2
"R-HSA-3247509"	"Chromatin modifying enzymes"	"4/30"	"274/10654"	0.0069262427860894	0.291058403444506	0.282189587827084	"55869/57325/79918/10629"	4
"R-HSA-4839726"	"Chromatin organization"	"4/30"	"274/10654"	0.0069262427860894	0.291058403444506	0.282189587827084	"55869/57325/79918/10629"	4
"R-HSA-2122947"	"NOTCH1 Intracellular Domain Regulates Transcription"	"2/30"	"47/10654"	0.00765943166959227	0.291058403444506	0.282189587827084	"55869/7088"	2
"R-HSA-1980143"	"Signaling by NOTCH1"	"2/30"	"73/10654"	0.0177977775006888	0.343456722468827	0.332991282171993	"55869/7088"	2
"R-HSA-1483115"	"Hydrolysis of LPC"	"1/30"	"10/10654"	0.0278159025251397	0.343456722468827	0.332991282171993	"5321"	1
