"ID"	"Description"	"GeneRatio"	"BgRatio"	"pvalue"	"p.adjust"	"qvalue"	"geneID"	"Count"
"R-HSA-4086400"	"PCP/CE pathway"	"3/33"	"92/10654"	0.00281865060579098	0.402001208156398	0.402001208156398	"8324/5708/4920"	3
"R-HSA-3858494"	"Beta-catenin independent WNT signaling"	"3/33"	"146/10654"	0.0101829691913746	0.402001208156398	0.402001208156398	"8324/5708/4920"	3
"R-HSA-4608870"	"Asymmetric localization of PCP proteins"	"2/33"	"64/10654"	0.0166401998801386	0.402001208156398	0.402001208156398	"8324/5708"	2
"R-HSA-5619084"	"ABC transporter disorders"	"2/33"	"77/10654"	0.0235565041493555	0.402001208156398	0.402001208156398	"64240/5708"	2
"R-HSA-8951664"	"Neddylation"	"3/33"	"234/10654"	0.0351711448084515	0.402001208156398	0.402001208156398	"28952/10238/5708"	3
"R-HSA-5140745"	"WNT5A-dependent internalization of FZD2, FZD5 and ROR2"	"1/33"	"13/10654"	0.0395485284334527	0.402001208156398	0.402001208156398	"4920"	1
