"ID"	"Description"	"GeneRatio"	"BgRatio"	"pvalue"	"p.adjust"	"qvalue"	"geneID"	"Count"
"R-HSA-8934593"	"Regulation of RUNX1 Expression and Activity"	"2/38"	"17/10654"	0.00162879845223699	0.187128969222047	0.15125085858173	"4343/57690"	2
"R-HSA-9018519"	"Estrogen-dependent gene expression"	"4/38"	"150/10654"	0.00192058720392906	0.187128969222047	0.15125085858173	"1105/4343/10735/57690"	4
"R-HSA-3296482"	"Defects in vitamin and cofactor metabolism"	"2/38"	"22/10654"	0.00273564770778354	0.187128969222047	0.15125085858173	"81693/64087"	2
"R-HSA-2559583"	"Cellular Senescence"	"4/38"	"195/10654"	0.00493856061896437	0.187128969222047	0.15125085858173	"4343/4683/80012/57690"	4
"R-HSA-195721"	"Signaling by WNT"	"5/38"	"331/10654"	0.00607259049345635	0.187128969222047	0.15125085858173	"22943/123169/4343/57690/7479"	5
"R-HSA-2559585"	"Oncogene Induced Senescence"	"2/38"	"33/10654"	0.00610048319032362	0.187128969222047	0.15125085858173	"4343/57690"	2
