"ID"	"Description"	"GeneRatio"	"BgRatio"	"pvalue"	"p.adjust"	"qvalue"	"geneID"	"Count"
"R-HSA-2871809"	"FCERI mediated Ca+2 mobilization"	"2/31"	"33/10654"	0.0040900883000305	0.228031982347567	0.2054964475529	"3937/4775"	2
"R-HSA-5685938"	"HDR through Single Strand Annealing (SSA)"	"2/31"	"37/10654"	0.00512192844530229	0.228031982347567	0.2054964475529	"144715/7486"	2
"R-HSA-5693616"	"Presynaptic phase of homologous DNA pairing and strand exchange"	"2/31"	"39/10654"	0.00567817157127172	0.228031982347567	0.2054964475529	"144715/7486"	2
"R-HSA-5693579"	"Homologous DNA Pairing and Strand Exchange"	"2/31"	"42/10654"	0.00656207143446237	0.228031982347567	0.2054964475529	"144715/7486"	2
"R-HSA-1660499"	"Synthesis of PIPs at the plasma membrane"	"2/31"	"53/10654"	0.0102960609159776	0.247354797249227	0.22290966204209	"5287/8394"	2
"R-HSA-5685942"	"HDR through Homologous Recombination (HRR)"	"2/31"	"67/10654"	0.0161089655270792	0.247354797249227	0.22290966204209	"144715/7486"	2
