"ID"	"Description"	"GeneRatio"	"BgRatio"	"pvalue"	"p.adjust"	"qvalue"	"geneID"	"Count"
"R-HSA-71291"	"Metabolism of amino acids and derivatives"	"6/39"	"372/10654"	0.00213938350829558	0.31502958924729	0.295930526874536	"2752/169355/5684/6134/200916/7306"	6
"R-HSA-166208"	"mTORC1-mediated signalling"	"2/39"	"23/10654"	0.00314692921704131	0.31502958924729	0.295930526874536	"10542/7529"	2
"R-HSA-5628897"	"TP53 Regulates Metabolic Genes"	"3/39"	"86/10654"	0.00376319197179816	0.31502958924729	0.295930526874536	"10542/27244/7529"	3
"R-HSA-6791226"	"Major pathway of rRNA processing in the nucleolus and cytosol"	"4/39"	"185/10654"	0.00450407756207039	0.31502958924729	0.295930526874536	"10438/10199/6134/200916"	4
"R-HSA-8868773"	"rRNA processing in the nucleus and cytosol"	"4/39"	"195/10654"	0.00542552888410716	0.31502958924729	0.295930526874536	"10438/10199/6134/200916"	4
"R-HSA-72312"	"rRNA processing"	"4/39"	"205/10654"	0.00646603166781615	0.31502958924729	0.295930526874536	"10438/10199/6134/200916"	4
