"ID"	"Description"	"GeneRatio"	"BgRatio"	"pvalue"	"p.adjust"	"qvalue"	"geneID"	"Count"
"R-HSA-1660499"	"Synthesis of PIPs at the plasma membrane"	"3/50"	"53/10654"	0.0019318337591618	0.359831671584564	0.349285076735096	"5286/5296/22874"	3
"R-HSA-110320"	"Translesion Synthesis by POLH"	"2/50"	"19/10654"	0.00350767624593374	0.359831671584564	0.349285076735096	"6118/83932"	2
"R-HSA-912631"	"Regulation of signaling by CBL"	"2/50"	"22/10654"	0.00469609962225968	0.359831671584564	0.349285076735096	"5296/7409"	2
"R-HSA-1483255"	"PI Metabolism"	"3/50"	"84/10654"	0.00709755134334319	0.359831671584564	0.349285076735096	"5286/5296/22874"	3
"R-HSA-389356"	"CD28 co-stimulation"	"2/50"	"33/10654"	0.0103871866128716	0.359831671584564	0.349285076735096	"5296/7409"	2
"R-HSA-114604"	"GPVI-mediated activation cascade"	"2/50"	"35/10654"	0.0116357231600315	0.359831671584564	0.349285076735096	"5296/7409"	2
