"ID"	"Description"	"GeneRatio"	"BgRatio"	"pvalue"	"p.adjust"	"qvalue"	"geneID"	"Count"
"R-HSA-168254"	"Influenza Infection"	"5/32"	"155/10654"	8.95867935737221e-05	0.0189924002376291	0.0155598115154359	"3838/3840/6134/9045/6155"	5
"R-HSA-927802"	"Nonsense-Mediated Decay (NMD)"	"4/32"	"115/10654"	0.000366842863728331	0.0259235623701354	0.021238271057956	"6134/9045/6155/26019"	4
"R-HSA-975957"	"Nonsense Mediated Decay (NMD) enhanced by the Exon Junction Complex (EJC)"	"4/32"	"115/10654"	0.000366842863728331	0.0259235623701354	0.021238271057956	"6134/9045/6155/26019"	4
"R-HSA-9010553"	"Regulation of expression of SLITs and ROBOs"	"4/32"	"171/10654"	0.00162224098258666	0.0593839878231466	0.0486512313347527	"6134/9045/6155/26019"	4
"R-HSA-156902"	"Peptide chain elongation"	"3/32"	"89/10654"	0.00234595041361162	0.0593839878231466	0.0486512313347527	"6134/9045/6155"	3
"R-HSA-192823"	"Viral mRNA Translation"	"3/32"	"89/10654"	0.00234595041361162	0.0593839878231466	0.0486512313347527	"6134/9045/6155"	3
