"ID"	"Description"	"GeneRatio"	"BgRatio"	"pvalue"	"p.adjust"	"qvalue"	"geneID"	"Count"
"R-HSA-5682910"	"LGI-ADAM interactions"	"3/31"	"14/10654"	7.94586015127741e-06	0.00108858284072501	0.00101205166137323	"4185/8745/1742"	3
"R-HSA-3769402"	"Deactivation of the beta-catenin transactivating complex"	"2/31"	"42/10654"	0.00656207143446237	0.299665591451663	0.278598052751835	"9580/64321"	2
"R-HSA-1236394"	"Signaling by ERBB4"	"2/31"	"58/10654"	0.0122400613987357	0.299665591451663	0.278598052751835	"83464/1742"	2
"R-HSA-5663202"	"Diseases of signal transduction"	"4/31"	"377/10654"	0.0228267351826417	0.299665591451663	0.278598052751835	"83464/11052/8323/80853"	4
"R-HSA-201681"	"TCF dependent signaling in response to WNT"	"3/31"	"233/10654"	0.0295856336729968	0.299665591451663	0.278598052751835	"8323/9580/64321"	3
"R-HSA-193692"	"Regulated proteolysis of p75NTR"	"1/31"	"11/10654"	0.0315597471403514	0.299665591451663	0.278598052751835	"83464"	1
