"ID"	"Description"	"GeneRatio"	"BgRatio"	"pvalue"	"p.adjust"	"qvalue"	"geneID"	"Count"
"R-HSA-5368286"	"Mitochondrial translation initiation"	"3/36"	"87/10654"	0.00309132332696624	0.180012014905148	0.165103899119659	"64981/28957/5018"	3
"R-HSA-5389840"	"Mitochondrial translation elongation"	"3/36"	"87/10654"	0.00309132332696624	0.180012014905148	0.165103899119659	"64981/28957/5018"	3
"R-HSA-5419276"	"Mitochondrial translation termination"	"3/36"	"87/10654"	0.00309132332696624	0.180012014905148	0.165103899119659	"64981/28957/5018"	3
"R-HSA-5674400"	"Constitutive Signaling by AKT1 E17K in Cancer"	"2/36"	"25/10654"	0.00317157843206456	0.180012014905148	0.165103899119659	"572/2309"	2
"R-HSA-5368287"	"Mitochondrial translation"	"3/36"	"93/10654"	0.00373252601068337	0.180012014905148	0.165103899119659	"64981/28957/5018"	3
"R-HSA-1855204"	"Synthesis of IP3 and IP4 in the cytosol"	"2/36"	"28/10654"	0.00397085326996649	0.180012014905148	0.165103899119659	"3636/23236"	2
