"ID"	"Description"	"GeneRatio"	"BgRatio"	"pvalue"	"p.adjust"	"qvalue"	"geneID"	"Count"
"R-HSA-8854214"	"TBC/RABGAPs"	"2/35"	"46/10654"	0.00991191873768807	0.349066513799693	0.334034941435113	"26088/79735"	2
"R-HSA-1234176"	"Oxygen-dependent proline hydroxylation of Hypoxia-inducible Factor Alpha"	"2/35"	"66/10654"	0.0197184445130333	0.349066513799693	0.334034941435113	"54583/126374"	2
"R-HSA-6791226"	"Major pathway of rRNA processing in the nucleolus and cytosol"	"3/35"	"185/10654"	0.0224371410606577	0.349066513799693	0.334034941435113	"118460/28987/27043"	3
"R-HSA-1234174"	"Cellular response to hypoxia"	"2/35"	"75/10654"	0.0250457649429399	0.349066513799693	0.334034941435113	"54583/126374"	2
"R-HSA-8868773"	"rRNA processing in the nucleus and cytosol"	"3/35"	"195/10654"	0.0257206940910004	0.349066513799693	0.334034941435113	"118460/28987/27043"	3
"R-HSA-72312"	"rRNA processing"	"3/35"	"205/10654"	0.0292510209293694	0.349066513799693	0.334034941435113	"118460/28987/27043"	3
