"ID"	"Description"	"GeneRatio"	"BgRatio"	"pvalue"	"p.adjust"	"qvalue"	"geneID"	"Count"
"R-HSA-2219528"	"PI3K/AKT Signaling in Cancer"	"4/32"	"101/10654"	0.00022312496147063	0.0555581154061867	0.0446249922941259	"2066/2309/79109/118788"	4
"R-HSA-1257604"	"PIP3 activates AKT signaling"	"5/32"	"264/10654"	0.00104690458777754	0.120155712967958	0.096510612825669	"2066/2309/389541/79109/118788"	5
"R-HSA-5686938"	"Regulation of TLR by endogenous ligand"	"2/32"	"19/10654"	0.00144765919238503	0.120155712967958	0.096510612825669	"929/3146"	2
"R-HSA-9006925"	"Intracellular signaling by second messengers"	"5/32"	"305/10654"	0.00198522902748839	0.123580506961152	0.0992614513744195	"2066/2309/389541/79109/118788"	5
"R-HSA-5674400"	"Constitutive Signaling by AKT1 E17K in Cancer"	"2/32"	"25/10654"	0.0025113672650557	0.125066089799774	0.100454690602228	"2309/79109"	2
"R-HSA-73933"	"Resolution of Abasic Sites (AP sites)"	"2/32"	"39/10654"	0.00604278156328891	0.166347125547384	0.133612149034043	"4913/5427"	2
