"ID"	"Description"	"GeneRatio"	"BgRatio"	"pvalue"	"p.adjust"	"qvalue"	"geneID"	"Count"
"R-HSA-2408522"	"Selenoamino acid metabolism"	"3/30"	"118/10654"	0.0043240540732538	0.20079190387994	0.159224457111812	"875/6134/6158"	3
"R-HSA-3781865"	"Diseases of glycosylation"	"3/30"	"143/10654"	0.00737391908588938	0.20079190387994	0.159224457111812	"171019/79087/29071"	3
"R-HSA-3906995"	"Diseases associated with O-glycosylation of proteins"	"2/30"	"68/10654"	0.0155619105179652	0.20079190387994	0.159224457111812	"171019/29071"	2
"R-HSA-71291"	"Metabolism of amino acids and derivatives"	"4/30"	"372/10654"	0.0195580358640421	0.20079190387994	0.159224457111812	"875/5160/6134/6158"	4
"R-HSA-156902"	"Peptide chain elongation"	"2/30"	"89/10654"	0.0257954681806323	0.20079190387994	0.159224457111812	"6134/6158"	2
"R-HSA-192823"	"Viral mRNA Translation"	"2/30"	"89/10654"	0.0257954681806323	0.20079190387994	0.159224457111812	"6134/6158"	2
