"ID"	"Description"	"GeneRatio"	"BgRatio"	"pvalue"	"p.adjust"	"qvalue"	"geneID"	"Count"
"R-HSA-5368286"	"Mitochondrial translation initiation"	"15/326"	"87/10654"	5.01491598242483e-08	1.60811639169756e-05	1.42705153043738e-05	"54948/6150/90480/29088/28957/51023/54998/54460/63931/51069/51081/64978/78988/64969/26589"	15
"R-HSA-5389840"	"Mitochondrial translation elongation"	"15/326"	"87/10654"	5.01491598242483e-08	1.60811639169756e-05	1.42705153043738e-05	"54948/6150/90480/29088/28957/51023/54998/54460/63931/51069/51081/64978/78988/64969/26589"	15
"R-HSA-5419276"	"Mitochondrial translation termination"	"15/326"	"87/10654"	5.01491598242483e-08	1.60811639169756e-05	1.42705153043738e-05	"54948/6150/90480/29088/28957/51023/54998/54460/63931/51069/51081/64978/78988/64969/26589"	15
"R-HSA-5368287"	"Mitochondrial translation"	"15/326"	"93/10654"	1.26029125292304e-07	3.03100046327991e-05	2.68972685821207e-05	"54948/6150/90480/29088/28957/51023/54998/54460/63931/51069/51081/64978/78988/64969/26589"	15
"R-HSA-72766"	"Translation"	"23/326"	"291/10654"	2.95094324569527e-05	0.00567761480471769	0.00503834731001865	"6734/54948/6150/90480/6223/6132/29088/28957/8667/51023/54998/54460/63931/200916/51069/6155/51081/64978/78988/6136/10056/64969/26589"	23
"R-HSA-4615885"	"SUMOylation of DNA replication proteins"	"8/326"	"45/10654"	5.65596160622939e-05	0.00906839177532113	0.00804734186430182	"23279/6790/55706/10401/7153/4927/332/81929"	8
