"ID"	"Description"	"GeneRatio"	"BgRatio"	"pvalue"	"p.adjust"	"qvalue"	"geneID"	"Count"
"R-HSA-1660514"	"Synthesis of PIPs at the Golgi membrane"	"2/33"	"18/10654"	0.00138004591823455	0.141955282881422	0.137567358514995	"5298/22908"	2
"R-HSA-446193"	"Biosynthesis of the N-glycan precursor (dolichol lipid-linked oligosaccharide, LLO) and transfer to a nascent protein"	"3/33"	"78/10654"	0.00175853986945299	0.141955282881422	0.137567358514995	"79087/22845/5238"	3
"R-HSA-446203"	"Asparagine N-linked glycosylation"	"5/33"	"304/10654"	0.00225325845843527	0.141955282881422	0.137567358514995	"79087/84516/22845/10299/5238"	5
"R-HSA-6784531"	"tRNA processing in the nucleus"	"2/33"	"57/10654"	0.0133519303804369	0.307094719747851	0.29760223467628	"283742/5903"	2
"R-HSA-446219"	"Synthesis of substrates in N-glycan biosythesis"	"2/33"	"63/10654"	0.016151190135874	0.307094719747851	0.29760223467628	"22845/5238"	2
"R-HSA-1483255"	"PI Metabolism"	"2/33"	"84/10654"	0.0276912439993036	0.307094719747851	0.29760223467628	"5298/22908"	2
