"ID"	"Description"	"GeneRatio"	"BgRatio"	"pvalue"	"p.adjust"	"qvalue"	"geneID"	"Count"
"R-HSA-176187"	"Activation of ATR in response to replication stress"	"2/20"	"37/10654"	0.00214368248615071	0.187581254814206	0.149918741664375	"990/5982"	2
"R-HSA-8986944"	"Transcriptional Regulation by MECP2"	"2/20"	"62/10654"	0.00591808342952855	0.187581254814206	0.149918741664375	"192670/6446"	2
"R-HSA-1483257"	"Phospholipid metabolism"	"3/20"	"212/10654"	0.00689751489844232	0.187581254814206	0.149918741664375	"80821/55361/114971"	3
"R-HSA-5687128"	"MAPK6/MAPK4 signaling"	"2/20"	"89/10654"	0.0118901004761493	0.187581254814206	0.149918741664375	"192670/5063"	2
"R-HSA-68689"	"CDC6 association with the ORC:origin complex"	"1/20"	"11/10654"	0.0204663061183536	0.187581254814206	0.149918741664375	"990"	1
"R-HSA-69239"	"Synthesis of DNA"	"2/20"	"119/10654"	0.0206141984808492	0.187581254814206	0.149918741664375	"990/5982"	2
