"ID"	"Description"	"GeneRatio"	"BgRatio"	"pvalue"	"p.adjust"	"qvalue"	"geneID"	"Count"
"R-HSA-375165"	"NCAM signaling for neurite out-growth"	"3/18"	"63/10654"	0.000150936940997203	0.0359229919573343	0.0251031965026927	"8911/1289/6654"	3
"R-HSA-71403"	"Citric acid cycle (TCA cycle)"	"2/18"	"22/10654"	0.000610451479274177	0.0549149205440069	0.0383748670763073	"1743/6390"	2
"R-HSA-9006335"	"Signaling by Erythropoietin"	"2/18"	"25/10654"	0.000790417625554118	0.0549149205440069	0.0383748670763073	"5293/6654"	2
"R-HSA-912526"	"Interleukin receptor SHC signaling"	"2/18"	"27/10654"	0.000922939841075746	0.0549149205440069	0.0383748670763073	"5293/6654"	2
"R-HSA-983695"	"Antigen activates B Cell Receptor (BCR) leading to generation of second messengers"	"2/18"	"32/10654"	0.00129770408940921	0.0617707146558786	0.0431657360266644	"5293/6654"	2
"R-HSA-8853659"	"RET signaling"	"2/18"	"41/10654"	0.00212617642103353	0.0727547156355999	0.0508414200372614	"5293/6654"	2
