"ID"	"Description"	"GeneRatio"	"BgRatio"	"pvalue"	"p.adjust"	"qvalue"	"geneID"	"Count"
"R-HSA-5368286"	"Mitochondrial translation initiation"	"4/38"	"87/10654"	0.000247737280068855	0.0128810372871734	0.0117904231461542	"219927/116540/65993/64969"	4
"R-HSA-5389840"	"Mitochondrial translation elongation"	"4/38"	"87/10654"	0.000247737280068855	0.0128810372871734	0.0117904231461542	"219927/116540/65993/64969"	4
"R-HSA-5419276"	"Mitochondrial translation termination"	"4/38"	"87/10654"	0.000247737280068855	0.0128810372871734	0.0117904231461542	"219927/116540/65993/64969"	4
"R-HSA-5368287"	"Mitochondrial translation"	"4/38"	"93/10654"	0.000320025771109899	0.0128810372871734	0.0117904231461542	"219927/116540/65993/64969"	4
"R-HSA-451927"	"Interleukin-2 family signaling"	"2/38"	"44/10654"	0.0106642293057012	0.343388183643579	0.314314126904878	"3562/6655"	2
"R-HSA-1660499"	"Synthesis of PIPs at the plasma membrane"	"2/38"	"53/10654"	0.0152250608294493	0.374302713140157	0.342611179075659	"8897/22874"	2
