chr	pos	ref	alt	score
22	15282166	A	C	0.069248
22	15282466	A	C	0.069248
22	15282867	A	G	0.069248
22	15284390	G	A	0.069248
22	15284662	C	T	0.070461
22	15293770	A	G	0.019015999999999998
22	15294276	G	A	0.020475
22	15294548	C	G	0.022735
22	15294729	G	C	0.028145
22	15295476	G	A	0.022064
22	15297747	C	T	0.074032
22	15299768	G	C	0.067208
22	15301148	C	T	0.073162
22	15302073	C	T	0.068914
22	15302134	A	G	0.067525
22	15303971	C	T	0.068914
22	15305840	A	G	0.068914
22	15306289	T	C	0.079904
22	15306382	C	T	0.089375
22	15306982	G	A	0.068914
22	15311278	C	A	0.06407
22	15312402	T	C	0.083102
22	15312558	T	A	0.06581000000000001
22	15313283	A	T	0.076176
22	15313283	A	T	0.076176
22	15313284	G	A	0.070461
22	15313814	A	C	0.091811
22	15314315	C	T	0.074032
22	15314315	C	T	0.074032
22	15314676	C	T	0.059009000000000006
22	15315367	C	T	0.06827000000000001
22	15316177	T	C	0.07343
22	15316182	C	T	0.068914
22	15317401	C	A	0.067285
22	15318967	T	C	0.079904
22	15319274	G	T	0.107001
22	15319613	C	T	0.09194
22	15320525	A	C	0.08718
22	15320541	G	A	0.20288499999999998
22	15320909	A	G	0.070905
22	15320950	T	A	0.063496
22	15321057	C	T	0.058164999999999994
22	15321186	G	A	0.062419
22	15321364	G	T	0.061915
22	15321554	A	G	0.068978
22	15321935	C	T	0.105545
22	15322786	C	T	0.072361
22	15323766	G	A	0.063415
22	15323918	A	T	0.085332
