"ID"	"Description"	"GeneRatio"	"BgRatio"	"pvalue"	"p.adjust"	"qvalue"	"geneID"	"Count"
"R-HSA-3247509"	"Chromatin modifying enzymes"	"6/47"	"274/10654"	0.00121296519309165	0.0961552049148122	0.0930672589942651	"9869/55683/23587/23512/4297/10629"	6
"R-HSA-4839726"	"Chromatin organization"	"6/47"	"274/10654"	0.00121296519309165	0.0961552049148122	0.0930672589942651	"9869/55683/23587/23512/4297/10629"	6
"R-HSA-2197563"	"NOTCH2 intracellular domain regulates transcription"	"2/47"	"12/10654"	0.00122231192688321	0.0961552049148122	0.0930672589942651	"4853/84441"	2
"R-HSA-1912420"	"Pre-NOTCH Processing in Golgi"	"2/47"	"18/10654"	0.00278616322344305	0.125689819133916	0.121653393184923	"4853/6400"	2
"R-HSA-9013695"	"NOTCH4 Intracellular Domain Regulates Transcription"	"2/47"	"20/10654"	0.00344057115883682	0.125689819133916	0.121653393184923	"4853/84441"	2
"R-HSA-3781865"	"Diseases of glycosylation"	"4/47"	"143/10654"	0.0035483345124528	0.125689819133916	0.121653393184923	"4853/4247/22845/9508"	4
