"ID"	"Description"	"GeneRatio"	"BgRatio"	"pvalue"	"p.adjust"	"qvalue"	"geneID"	"Count"
"R-HSA-5368286"	"Mitochondrial translation initiation"	"3/26"	"87/10654"	0.00119384833261213	0.0423389518329	0.0392344762823995	"219927/28957/5018"	3
"R-HSA-5389840"	"Mitochondrial translation elongation"	"3/26"	"87/10654"	0.00119384833261213	0.0423389518329	0.0392344762823995	"219927/28957/5018"	3
"R-HSA-5419276"	"Mitochondrial translation termination"	"3/26"	"87/10654"	0.00119384833261213	0.0423389518329	0.0392344762823995	"219927/28957/5018"	3
"R-HSA-5368287"	"Mitochondrial translation"	"3/26"	"93/10654"	0.00144748553274872	0.0423389518329	0.0392344762823995	"219927/28957/5018"	3
"R-HSA-72766"	"Translation"	"4/26"	"291/10654"	0.00507117163647458	0.118665416293505	0.109964353380396	"8668/219927/28957/5018"	4
"R-HSA-3371453"	"Regulation of HSF1-mediated heat shock response"	"2/26"	"69/10654"	0.0121531990537724	0.236987381548562	0.219610439041852	"51182/10808"	2
