"ID"	"Description"	"GeneRatio"	"BgRatio"	"pvalue"	"p.adjust"	"qvalue"	"geneID"	"Count"
"R-HSA-73863"	"RNA Polymerase I Transcription Termination"	"2/37"	"32/10654"	0.00545149452948201	0.199235622460413	0.184041498728201	"64425/7270"	2
"R-HSA-427413"	"NoRC negatively regulates rRNA expression"	"3/37"	"107/10654"	0.00597199030021174	0.199235622460413	0.184041498728201	"8932/64425/7270"	3
"R-HSA-5250941"	"Negative epigenetic regulation of rRNA expression"	"3/37"	"110/10654"	0.00644748399367256	0.199235622460413	0.184041498728201	"8932/64425/7270"	3
"R-HSA-73854"	"RNA Polymerase I Promoter Clearance"	"3/37"	"110/10654"	0.00644748399367256	0.199235622460413	0.184041498728201	"8932/64425/7270"	3
"R-HSA-73864"	"RNA Polymerase I Transcription"	"3/37"	"112/10654"	0.00677672185239499	0.199235622460413	0.184041498728201	"8932/64425/7270"	3
"R-HSA-73762"	"RNA Polymerase I Transcription Initiation"	"2/37"	"47/10654"	0.0114996328563909	0.281741004981576	0.260254848855162	"64425/7270"	2
