"ID"	"Description"	"GeneRatio"	"BgRatio"	"pvalue"	"p.adjust"	"qvalue"	"geneID"	"Count"
"R-HSA-9639288"	"Amino acids regulate mTORC1"	"3/30"	"55/10654"	0.00047887729065722	0.0656061888200392	0.0574652748788664	"9296/9681/84219"	3
"R-HSA-3000480"	"Scavenging by Class A Receptors"	"2/30"	"19/10654"	0.00127232152262862	0.0871540243000603	0.076339291357717	"1282/2495"	2
"R-HSA-2173782"	"Binding and Uptake of Ligands by Scavenger Receptors"	"2/30"	"42/10654"	0.00615401174049021	0.262360204911153	0.229804559046265	"1282/2495"	2
"R-HSA-2262752"	"Cellular responses to stress"	"5/30"	"479/10654"	0.0101005655751904	0.262360204911153	0.229804559046265	"9296/9681/3297/6416/84219"	5
"R-HSA-8953897"	"Cellular responses to external stimuli"	"5/30"	"493/10654"	0.0113544672247254	0.262360204911153	0.229804559046265	"9296/9681/3297/6416/84219"	5
"R-HSA-917937"	"Iron uptake and transport"	"2/30"	"58/10654"	0.0114902279523133	0.262360204911153	0.229804559046265	"9296/2495"	2
