"ID"	"Description"	"GeneRatio"	"BgRatio"	"pvalue"	"p.adjust"	"qvalue"	"geneID"	"Count"
"R-HSA-3108232"	"SUMO E3 ligases SUMOylate target proteins"	"4/29"	"182/10654"	0.00140114770500226	0.165801383780905	0.131311371615955	"2033/2494/1911/23512"	4
"R-HSA-2990846"	"SUMOylation"	"4/29"	"188/10654"	0.00157906079791338	0.165801383780905	0.131311371615955	"2033/2494/1911/23512"	4
"R-HSA-8953750"	"Transcriptional Regulation by E2F6"	"2/29"	"35/10654"	0.00402629104643849	0.19643426952823	0.155572002934638	"1911/23512"	2
"R-HSA-8864260"	"Transcriptional regulation by the AP-2 (TFAP2) family of transcription factors"	"2/29"	"38/10654"	0.00473315550309884	0.19643426952823	0.155572002934638	"2033/3329"	2
"R-HSA-8939243"	"RUNX1 interacts with co-factors whose precise effect on RUNX1 targets is not known"	"2/29"	"38/10654"	0.00473315550309884	0.19643426952823	0.155572002934638	"2033/1911"	2
"R-HSA-186712"	"Regulation of beta-cell development"	"2/29"	"42/10654"	0.00575806326646009	0.19643426952823	0.155572002934638	"2033/2494"	2
