"ID"	"Description"	"GeneRatio"	"BgRatio"	"pvalue"	"p.adjust"	"qvalue"	"geneID"	"Count"
"R-HSA-8939211"	"ESR-mediated signaling"	"4/26"	"223/10654"	0.00194487830950296	0.173882064555222	0.149969590482263	"3169/6722/10735/7528"	4
"R-HSA-2500257"	"Resolution of Sister Chromatid Cohesion"	"3/26"	"126/10654"	0.00344242781508174	0.173882064555222	0.149969590482263	"699/5048/10735"	3
"R-HSA-5663220"	"RHO GTPases Activate Formins"	"3/26"	"140/10654"	0.00462782918418566	0.173882064555222	0.149969590482263	"699/5048/6722"	3
"R-HSA-9006931"	"Signaling by Nuclear Receptors"	"4/26"	"299/10654"	0.00558098754937649	0.173882064555222	0.149969590482263	"3169/6722/10735/7528"	4
"R-HSA-9018519"	"Estrogen-dependent gene expression"	"3/26"	"150/10654"	0.00560909885662008	0.173882064555222	0.149969590482263	"3169/10735/7528"	3
"R-HSA-2467813"	"Separation of Sister Chromatids"	"3/26"	"190/10654"	0.0107337627283172	0.218103604863527	0.188109730510478	"699/5048/10735"	3
