"ID"	"Description"	"GeneRatio"	"BgRatio"	"pvalue"	"p.adjust"	"qvalue"	"geneID"	"Count"
"R-HSA-5693568"	"Resolution of D-loop Structures through Holliday Junction Intermediates"	"3/44"	"33/10654"	0.000328870677805709	0.0525102565620986	0.046755707897759	"10111/472/80198"	3
"R-HSA-5693537"	"Resolution of D-Loop Structures"	"3/44"	"34/10654"	0.000359659291521223	0.0525102565620986	0.046755707897759	"10111/472/80198"	3
"R-HSA-5685942"	"HDR through Homologous Recombination (HRR)"	"3/44"	"67/10654"	0.00261868400531652	0.170199804918928	0.151547771503155	"10111/472/80198"	3
"R-HSA-3371453"	"Regulation of HSF1-mediated heat shock response"	"3/44"	"69/10654"	0.00284768940275721	0.170199804918928	0.151547771503155	"10808/472/51182"	3
"R-HSA-5693554"	"Resolution of D-loop Structures through Synthesis-Dependent Strand Annealing (SDSA)"	"2/44"	"26/10654"	0.00508707414666259	0.170199804918928	0.151547771503155	"10111/472"	2
"R-HSA-5368286"	"Mitochondrial translation initiation"	"3/44"	"87/10654"	0.00547148806482889	0.170199804918928	0.151547771503155	"10573/28957/219927"	3
