"ID"	"Description"	"GeneRatio"	"BgRatio"	"pvalue"	"p.adjust"	"qvalue"	"geneID"	"Count"
"R-HSA-193704"	"p75 NTR receptor-mediated signalling"	"4/41"	"97/10654"	0.000505091209341452	0.0550148148942427	0.0428032884760699	"9181/4790/3551/9828"	4
"R-HSA-209560"	"NF-kB is activated and signals survival"	"2/41"	"13/10654"	0.0010972177655423	0.0550148148942427	0.0428032884760699	"4790/3551"	2
"R-HSA-8956320"	"Nucleobase biosynthesis"	"2/41"	"15/10654"	0.00146984189630439	0.0550148148942427	0.0428032884760699	"790/2618"	2
"R-HSA-193639"	"p75NTR signals via NF-kB"	"2/41"	"16/10654"	0.00167573174413578	0.0550148148942427	0.0428032884760699	"4790/3551"	2
"R-HSA-5684264"	"MAP3K8 (TPL2)-dependent MAPK1/3 activation"	"2/41"	"16/10654"	0.00167573174413578	0.0550148148942427	0.0428032884760699	"4790/3551"	2
"R-HSA-1810476"	"RIP-mediated NFkB activation via ZBP1"	"2/41"	"17/10654"	0.00189454244761788	0.0550148148942427	0.0428032884760699	"4790/3551"	2
