"ID"	"Description"	"GeneRatio"	"BgRatio"	"pvalue"	"p.adjust"	"qvalue"	"geneID"	"Count"
"R-HSA-1250347"	"SHC1 events in ERBB4 signaling"	"2/32"	"14/10654"	0.000777648037944531	0.0740237683492843	0.0560806549504685	"6654/3084"	2
"R-HSA-1963640"	"GRB2 events in ERBB2 signaling"	"2/32"	"16/10654"	0.00102163070890697	0.0740237683492843	0.0560806549504685	"6654/3084"	2
"R-HSA-2219530"	"Constitutive Signaling by Aberrant PI3K in Cancer"	"3/32"	"75/10654"	0.00143518404351991	0.0740237683492843	0.0560806549504685	"5293/2260/3084"	3
"R-HSA-9603798"	"Class I peroxisomal membrane protein import"	"2/32"	"20/10654"	0.00160549862964206	0.0740237683492843	0.0560806549504685	"55670/9409"	2
"R-HSA-5654688"	"SHC-mediated cascade:FGFR1"	"2/32"	"21/10654"	0.0017711766824294	0.0740237683492843	0.0560806549504685	"6654/2260"	2
"R-HSA-1250196"	"SHC1 events in ERBB2 signaling"	"2/32"	"22/10654"	0.00194464782071487	0.0740237683492843	0.0560806549504685	"6654/3084"	2
