"ID"	"Description"	"GeneRatio"	"BgRatio"	"pvalue"	"p.adjust"	"qvalue"	"geneID"	"Count"
"R-HSA-5368286"	"Mitochondrial translation initiation"	"17/536"	"87/10654"	1.2202849791397e-06	0.000437268784191725	0.000374220726936174	"54948/6150/90480/29088/28957/51023/54998/54460/63931/51069/51081/64978/10240/78988/55037/64969/26589"	17
"R-HSA-5389840"	"Mitochondrial translation elongation"	"17/536"	"87/10654"	1.2202849791397e-06	0.000437268784191725	0.000374220726936174	"54948/6150/90480/29088/28957/51023/54998/54460/63931/51069/51081/64978/10240/78988/55037/64969/26589"	17
"R-HSA-5419276"	"Mitochondrial translation termination"	"17/536"	"87/10654"	1.2202849791397e-06	0.000437268784191725	0.000374220726936174	"54948/6150/90480/29088/28957/51023/54998/54460/63931/51069/51081/64978/10240/78988/55037/64969/26589"	17
"R-HSA-5368287"	"Mitochondrial translation"	"17/536"	"93/10654"	3.21199036803245e-06	0.00086322241140872	0.000738757784647463	"54948/6150/90480/29088/28957/51023/54998/54460/63931/51069/51081/64978/10240/78988/55037/64969/26589"	17
"R-HSA-6791226"	"Major pathway of rRNA processing in the nucleolus and cytosol"	"24/536"	"185/10654"	1.81035024806508e-05	0.00389225303333993	0.00333104445643976	"23517/84135/54555/6223/22984/10557/6132/22803/28987/118460/8602/51118/200916/83732/55720/27043/6155/25926/6134/55131/65083/10171/6136/84128"	24
"R-HSA-8868773"	"rRNA processing in the nucleus and cytosol"	"24/536"	"195/10654"	4.34348202270376e-05	0.00778207195734424	0.00666000576814577	"23517/84135/54555/6223/22984/10557/6132/22803/28987/118460/8602/51118/200916/83732/55720/27043/6155/25926/6134/55131/65083/10171/6136/84128"	24
