"ID"	"Description"	"GeneRatio"	"BgRatio"	"pvalue"	"p.adjust"	"qvalue"	"geneID"	"Count"
"R-HSA-6804756"	"Regulation of TP53 Activity through Phosphorylation"	"5/58"	"92/10654"	0.00013743874906902	0.0395823597318776	0.0344320234509754	"10524/5810/6790/7156/1020"	5
"R-HSA-5685938"	"HDR through Single Strand Annealing (SSA)"	"3/58"	"37/10654"	0.00104321964951026	0.0891006556424317	0.0775071492796007	"10524/5810/7156"	3
"R-HSA-5693616"	"Presynaptic phase of homologous DNA pairing and strand exchange"	"3/58"	"39/10654"	0.0012176010500773	0.0891006556424317	0.0775071492796007	"10524/5810/7156"	3
"R-HSA-5693579"	"Homologous DNA Pairing and Strand Exchange"	"3/58"	"42/10654"	0.00151191749350222	0.0891006556424317	0.0775071492796007	"10524/5810/7156"	3
"R-HSA-5633007"	"Regulation of TP53 Activity"	"5/58"	"160/10654"	0.00173111594761939	0.0891006556424317	0.0775071492796007	"10524/5810/6790/7156/1020"	5
"R-HSA-4641265"	"Repression of WNT target genes"	"2/58"	"12/10654"	0.00185626365921733	0.0891006556424317	0.0775071492796007	"51176/7088"	2
