"ID"	"Description"	"GeneRatio"	"BgRatio"	"pvalue"	"p.adjust"	"qvalue"	"geneID"	"Count"
"R-HSA-5654708"	"Downstream signaling of activated FGFR3"	"3/65"	"25/10654"	0.000452937754060361	0.0493755489284061	0.0415205152760117	"2249/5335/6464"	3
"R-HSA-5654716"	"Downstream signaling of activated FGFR4"	"3/65"	"27/10654"	0.000571025045952351	0.0493755489284061	0.0415205152760117	"2249/5335/6464"	3
"R-HSA-5654696"	"Downstream signaling of activated FGFR2"	"3/65"	"30/10654"	0.000782323640092598	0.0493755489284061	0.0415205152760117	"2249/5335/6464"	3
"R-HSA-5654687"	"Downstream signaling of activated FGFR1"	"3/65"	"31/10654"	0.000862385327684826	0.0493755489284061	0.0415205152760117	"2249/5335/6464"	3
"R-HSA-76046"	"RNA Polymerase III Transcription Initiation"	"3/65"	"36/10654"	0.00134039440840806	0.0493755489284061	0.0415205152760117	"2975/6619/9330"	3
"R-HSA-8939243"	"RUNX1 interacts with co-factors whose precise effect on RUNX1 targets is not known"	"3/65"	"38/10654"	0.00156999806159329	0.0493755489284061	0.0415205152760117	"1911/80012/6595"	3
