"ID"	"Description"	"GeneRatio"	"BgRatio"	"pvalue"	"p.adjust"	"qvalue"	"geneID"	"Count"
"R-HSA-5357956"	"TNFR1-induced NFkappaB signaling pathway"	"3/76"	"30/10654"	0.00123310869445679	0.480912390838148	0.47247533134976	"7132/81858/6885"	3
"R-HSA-75893"	"TNF signaling"	"3/76"	"43/10654"	0.00350749192500559	0.487799085662255	0.479241206966426	"7132/81858/6885"	3
"R-HSA-2173791"	"TGF-beta receptor signaling in EMT (epithelial to mesenchymal transition)"	"2/76"	"16/10654"	0.00564860685722965	0.487799085662255	0.479241206966426	"23370/7046"	2
"R-HSA-8848021"	"Signaling by PTK6"	"3/76"	"54/10654"	0.00666591816573585	0.487799085662255	0.479241206966426	"3084/6421/27043"	3
"R-HSA-9006927"	"Signaling by Non-Receptor Tyrosine Kinases"	"3/76"	"54/10654"	0.00666591816573585	0.487799085662255	0.479241206966426	"3084/6421/27043"	3
"R-HSA-8943724"	"Regulation of PTEN gene transcription"	"3/76"	"61/10654"	0.00933454155970484	0.487799085662255	0.479241206966426	"1911/57167/23512"	3
