"ID"	"Description"	"GeneRatio"	"BgRatio"	"pvalue"	"p.adjust"	"qvalue"	"geneID"	"Count"
"R-HSA-375165"	"NCAM signaling for neurite out-growth"	"4/63"	"63/10654"	0.000509291248352238	0.212314775989945	0.204428322073137	"8911/6714/8913/1287"	4
"R-HSA-187037"	"Signaling by NTRK1 (TRKA)"	"4/63"	"80/10654"	0.00125463041947483	0.212314775989945	0.204428322073137	"6714/5598/6197/2889"	4
"R-HSA-9006934"	"Signaling by Receptor Tyrosine Kinases"	"9/63"	"473/10654"	0.0017360324576209	0.212314775989945	0.204428322073137	"26999/2324/6714/9611/5598/2064/1287/6197/2889"	9
"R-HSA-419037"	"NCAM1 interactions"	"3/63"	"42/10654"	0.00191940389889479	0.212314775989945	0.204428322073137	"8911/8913/1287"	3
"R-HSA-166520"	"Signaling by NTRKs"	"4/63"	"101/10654"	0.00295323239660991	0.212314775989945	0.204428322073137	"6714/5598/6197/2889"	4
"R-HSA-418885"	"DCC mediated attractive signaling"	"2/63"	"14/10654"	0.00299157363234999	0.212314775989945	0.204428322073137	"3983/6714"	2
