"ID"	"Description"	"GeneRatio"	"BgRatio"	"pvalue"	"p.adjust"	"qvalue"	"geneID"	"Count"
"R-HSA-168325"	"Viral Messenger RNA Synthesis"	"3/69"	"43/10654"	0.00266579666752446	0.167773914422335	0.136342041172228	"2962/6396/4927"	3
"R-HSA-4615885"	"SUMOylation of DNA replication proteins"	"3/69"	"45/10654"	0.00303705834493428	0.167773914422335	0.136342041172228	"6396/7153/4927"	3
"R-HSA-199977"	"ER to Golgi Anterograde Transport"	"5/69"	"154/10654"	0.00315895025621402	0.167773914422335	0.136342041172228	"6712/287/6396/7109/23256"	5
"R-HSA-2980766"	"Nuclear Envelope Breakdown"	"3/69"	"52/10654"	0.00457992677020873	0.167773914422335	0.136342041172228	"4001/6396/4927"	3
"R-HSA-2559584"	"Formation of Senescence-Associated Heterochromatin Foci (SAHF)"	"2/69"	"16/10654"	0.00467823207049556	0.167773914422335	0.136342041172228	"4001/57634"	2
"R-HSA-9639288"	"Amino acids regulate mTORC1"	"3/69"	"55/10654"	0.00536232596462064	0.167773914422335	0.136342041172228	"9681/57600/6396"	3
