"ID"	"Description"	"GeneRatio"	"BgRatio"	"pvalue"	"p.adjust"	"qvalue"	"geneID"	"Count"
"R-HSA-8940973"	"RUNX2 regulates osteoblast differentiation"	"4/63"	"24/10654"	1.0795335821997e-05	0.00212762712690285	0.00187758875510388	"10413/23493/1277/5925"	4
"R-HSA-6794362"	"Protein-protein interactions at synapses"	"6/63"	"87/10654"	1.16582308323444e-05	0.00212762712690285	0.00187758875510388	"22941/81858/1739/2902/9378/347730"	6
"R-HSA-6794361"	"Neurexins and neuroligins"	"5/63"	"56/10654"	1.86348758356077e-05	0.0022672432266656	0.00200079719498104	"22941/81858/2902/9378/347730"	5
"R-HSA-8941326"	"RUNX2 regulates bone development"	"4/63"	"32/10654"	3.52609266997704e-05	0.00321755956135405	0.00283943251845519	"10413/23493/1277/5925"	4
"R-HSA-442982"	"Ras activation upon Ca2+ influx through NMDA receptor"	"3/63"	"22/10654"	0.000280089403391755	0.0197030446627748	0.0173875462633283	"5924/1739/2902"	3
"R-HSA-2151201"	"Transcriptional activation of mitochondrial biogenesis"	"4/63"	"56/10654"	0.000323885665689449	0.0197030446627748	0.0173875462633283	"23082/9611/8648/2553"	4
