"ID"	"Description"	"GeneRatio"	"BgRatio"	"pvalue"	"p.adjust"	"qvalue"	"geneID"	"Count"
"R-HSA-373752"	"Netrin-1 signaling"	"4/73"	"50/10654"	0.000368146812685149	0.154621661327762	0.130207714802326	"59277/3983/5588/7430"	4
"R-HSA-5685942"	"HDR through Homologous Recombination (HRR)"	"4/73"	"67/10654"	0.00112245283265554	0.19430067127345	0.163621617914484	"10714/5810/7156/5427"	4
"R-HSA-68877"	"Mitotic Prometaphase"	"6/73"	"200/10654"	0.0024324966089032	0.19430067127345	0.163621617914484	"4926/5347/11243/55746/3320/23397"	6
"R-HSA-5696400"	"Dual Incision in GG-NER"	"3/73"	"41/10654"	0.00272962225802236	0.19430067127345	0.163621617914484	"10714/2967/5427"	3
"R-HSA-68875"	"Mitotic Prophase"	"5/73"	"142/10654"	0.00284698578568945	0.19430067127345	0.163621617914484	"4926/5347/55746/55706/23133"	5
"R-HSA-6804756"	"Regulation of TP53 Activity through Phosphorylation"	"4/73"	"92/10654"	0.00359863411146009	0.19430067127345	0.163621617914484	"5810/22974/4194/7156"	4
