"ID"	"Description"	"GeneRatio"	"BgRatio"	"pvalue"	"p.adjust"	"qvalue"	"geneID"	"Count"
"R-HSA-3108232"	"SUMO E3 ligases SUMOylate target proteins"	"7/64"	"182/10654"	0.000103350536043998	0.0261359486472978	0.0243140595291543	"23279/80012/2099/672/332/10735/10210"	7
"R-HSA-2990846"	"SUMOylation"	"7/64"	"188/10654"	0.00012656633727505	0.0261359486472978	0.0243140595291543	"23279/80012/2099/672/332/10735/10210"	7
"R-HSA-5357956"	"TNFR1-induced NFkappaB signaling pathway"	"3/64"	"30/10654"	0.000747633079838222	0.0953216491744066	0.0886769515704305	"81858/3551/56957"	3
"R-HSA-5357905"	"Regulation of TNFR1 signaling"	"3/64"	"33/10654"	0.000991888063670688	0.0953216491744066	0.0886769515704305	"81858/3551/56957"	3
"R-HSA-3108214"	"SUMOylation of DNA damage response and repair proteins"	"4/64"	"77/10654"	0.00115401512317684	0.0953216491744066	0.0886769515704305	"23279/80012/672/10735"	4
"R-HSA-75893"	"TNF signaling"	"3/64"	"43/10654"	0.00214973731781993	0.103498569102803	0.0962838733847923	"81858/3551/56957"	3
