"ID"	"Description"	"GeneRatio"	"BgRatio"	"pvalue"	"p.adjust"	"qvalue"	"geneID"	"Count"
"R-HSA-6791226"	"Major pathway of rRNA processing in the nucleolus and cytosol"	"7/72"	"185/10654"	0.000241581892356623	0.0731225392799107	0.070332929816406	"23517/54555/6132/51118/200916/6134/65083"	7
"R-HSA-8868773"	"rRNA processing in the nucleus and cytosol"	"7/72"	"195/10654"	0.000333028557030691	0.0731225392799107	0.070332929816406	"23517/54555/6132/51118/200916/6134/65083"	7
"R-HSA-72312"	"rRNA processing"	"7/72"	"205/10654"	0.000450446853880353	0.0731225392799107	0.070332929816406	"23517/54555/6132/51118/200916/6134/65083"	7
"R-HSA-425381"	"Bicarbonate transporters"	"2/72"	"10/10654"	0.0019569954041289	0.231952722218224	0.223103774747887	"8671/6521"	2
"R-HSA-193692"	"Regulated proteolysis of p75NTR"	"2/72"	"11/10654"	0.00238144478663475	0.231952722218224	0.223103774747887	"4790/5663"	2
"R-HSA-376176"	"Signaling by ROBO receptors"	"6/72"	"218/10654"	0.00347973362540122	0.282438379261732	0.271663414614657	"4650/6132/5576/200916/6134/5684"	6
