"ID"	"Description"	"GeneRatio"	"BgRatio"	"pvalue"	"p.adjust"	"qvalue"	"geneID"	"Count"
"R-HSA-5368286"	"Mitochondrial translation initiation"	"4/68"	"87/10654"	0.0022696631125094	0.191437679688949	0.188315999375845	"54998/54460/51069/55037"	4
"R-HSA-5389840"	"Mitochondrial translation elongation"	"4/68"	"87/10654"	0.0022696631125094	0.191437679688949	0.188315999375845	"54998/54460/51069/55037"	4
"R-HSA-5419276"	"Mitochondrial translation termination"	"4/68"	"87/10654"	0.0022696631125094	0.191437679688949	0.188315999375845	"54998/54460/51069/55037"	4
"R-HSA-69231"	"Cyclin D associated events in G1"	"3/68"	"44/10654"	0.00273169983246387	0.191437679688949	0.188315999375845	"6502/896/25"	3
"R-HSA-69236"	"G1 Phase"	"3/68"	"44/10654"	0.00273169983246387	0.191437679688949	0.188315999375845	"6502/896/25"	3
"R-HSA-5368287"	"Mitochondrial translation"	"4/68"	"93/10654"	0.00289326468043752	0.191437679688949	0.188315999375845	"54998/54460/51069/55037"	4
