"ID"	"Description"	"GeneRatio"	"BgRatio"	"pvalue"	"p.adjust"	"qvalue"	"geneID"	"Count"
"R-HSA-5368286"	"Mitochondrial translation initiation"	"23/654"	"87/10654"	1.40407544552822e-09	5.36356820191782e-07	5.16305637513536e-07	"54998/29088/54948/219927/6150/11222/64981/64978/26589/51642/116540/116541/78988/3396/51116/54460/51649/28957/65993/64969/51081/5018/55037"	23
"R-HSA-5389840"	"Mitochondrial translation elongation"	"23/654"	"87/10654"	1.40407544552822e-09	5.36356820191782e-07	5.16305637513536e-07	"54998/29088/54948/219927/6150/11222/64981/64978/26589/51642/116540/116541/78988/3396/51116/54460/51649/28957/65993/64969/51081/5018/55037"	23
"R-HSA-5419276"	"Mitochondrial translation termination"	"23/654"	"87/10654"	1.40407544552822e-09	5.36356820191782e-07	5.16305637513536e-07	"54998/29088/54948/219927/6150/11222/64981/64978/26589/51642/116540/116541/78988/3396/51116/54460/51649/28957/65993/64969/51081/5018/55037"	23
"R-HSA-5368287"	"Mitochondrial translation"	"23/654"	"93/10654"	5.74887004163521e-09	1.64705126692849e-06	1.5854778430615e-06	"54998/29088/54948/219927/6150/11222/64981/64978/26589/51642/116540/116541/78988/3396/51116/54460/51649/28957/65993/64969/51081/5018/55037"	23
"R-HSA-73894"	"DNA Repair"	"43/654"	"334/10654"	2.81014819313579e-06	0.000644085965866723	0.000620007432927644	"93973/121642/8314/83990/1111/51138/64708/8451/9937/51514/197342/2033/2071/2187/2965/3364/54891/57461/3838/4255/2956/4683/4913/10038/5395/10714/5427/353497/5536/5810/5893/144715/5982/9025/6118/83932/6612/51567/29089/124739/7486/7508/7528"	43
"R-HSA-72766"	"Translation"	"38/654"	"291/10654"	7.66819941029285e-06	0.00146462608736593	0.00140987245298016	"54998/8664/8667/10480/23395/29088/54948/219927/6150/11222/64981/64978/26589/51642/116540/116541/78988/3396/51116/54460/51649/28957/65993/64969/51081/5018/55037/6134/6136/23521/9045/200916/6155/6158/11224/6223/6734/51067"	38
