"ID"	"Description"	"GeneRatio"	"BgRatio"	"pvalue"	"p.adjust"	"qvalue"	"geneID"	"Count"
"R-HSA-5368286"	"Mitochondrial translation initiation"	"19/649"	"87/10654"	8.70628531199584e-07	0.000336933241574239	0.000328700455989738	"54998/29088/54948/6150/11222/64981/26589/51642/116540/78988/3396/51116/54460/51649/28957/64969/51081/5018/55037"	19
"R-HSA-5389840"	"Mitochondrial translation elongation"	"19/649"	"87/10654"	8.70628531199584e-07	0.000336933241574239	0.000328700455989738	"54998/29088/54948/6150/11222/64981/26589/51642/116540/78988/3396/51116/54460/51649/28957/64969/51081/5018/55037"	19
"R-HSA-5419276"	"Mitochondrial translation termination"	"19/649"	"87/10654"	8.70628531199584e-07	0.000336933241574239	0.000328700455989738	"54998/29088/54948/6150/11222/64981/26589/51642/116540/78988/3396/51116/54460/51649/28957/64969/51081/5018/55037"	19
"R-HSA-5368287"	"Mitochondrial translation"	"19/649"	"93/10654"	2.53671913520452e-06	0.000736282728993112	0.000718292049863175	"54998/29088/54948/6150/11222/64981/26589/51642/116540/78988/3396/51116/54460/51649/28957/64969/51081/5018/55037"	19
"R-HSA-3700989"	"Transcriptional Regulation by TP53"	"42/649"	"365/10654"	4.80644934963434e-05	0.0111605753898509	0.0108878726320138	"84883/641/83990/27154/839/891/1111/1121/25904/29883/2033/2071/54815/2962/2965/3364/84289/387893/389541/10542/79109/4343/4683/9891/5395/10848/5518/10419/55615/5875/5810/144715/5933/5982/64121/6872/6873/23112/8626/7296/7486/7529"	42
"R-HSA-5633007"	"Regulation of TP53 Activity"	"23/649"	"160/10654"	0.000100690487835249	0.0194836093961208	0.0190075377036366	"641/83990/27154/1111/2033/54815/3364/84289/387893/79109/4683/9891/10848/5518/10419/55615/5810/144715/5982/6872/6873/8626/7486"	23
