"ID"	"Description"	"GeneRatio"	"BgRatio"	"pvalue"	"p.adjust"	"qvalue"	"geneID"	"Count"
"R-HSA-5368286"	"Mitochondrial translation initiation"	"3/41"	"87/10654"	0.00448199905025281	0.344280682203318	0.329713594514633	"51023/51081/64978"	3
"R-HSA-5389840"	"Mitochondrial translation elongation"	"3/41"	"87/10654"	0.00448199905025281	0.344280682203318	0.329713594514633	"51023/51081/64978"	3
"R-HSA-5419276"	"Mitochondrial translation termination"	"3/41"	"87/10654"	0.00448199905025281	0.344280682203318	0.329713594514633	"51023/51081/64978"	3
"R-HSA-5368287"	"Mitochondrial translation"	"3/41"	"93/10654"	0.00540048128946381	0.344280682203318	0.329713594514633	"51023/51081/64978"	3
"R-HSA-4615885"	"SUMOylation of DNA replication proteins"	"2/41"	"45/10654"	0.0128850380528135	0.388526555708166	0.372087351596675	"7153/4927"	2
"R-HSA-194840"	"Rho GTPase cycle"	"3/41"	"138/10654"	0.0158328510045589	0.388526555708166	0.372087351596675	"29127/4650/4983"	3
