"ID"	"Description"	"GeneRatio"	"BgRatio"	"pvalue"	"p.adjust"	"qvalue"	"geneID"	"Count"
"R-HSA-6804756"	"Regulation of TP53 Activity through Phosphorylation"	"4/37"	"92/10654"	0.000276538348165375	0.061944589989044	0.0558898556292126	"10524/5810/6790/1020"	4
"R-HSA-4641265"	"Repression of WNT target genes"	"2/37"	"12/10654"	0.000757789550739981	0.0848724296828779	0.0765766282853033	"51176/7088"	2
"R-HSA-5633007"	"Regulation of TP53 Activity"	"4/37"	"160/10654"	0.00219960360507023	0.116251716150347	0.104888766451441	"10524/5810/6790/1020"	4
"R-HSA-8862803"	"Deregulated CDK5 triggers multiple neurodegenerative pathways in Alzheimer's disease models"	"2/37"	"22/10654"	0.00259490437835597	0.116251716150347	0.104888766451441	"4001/1020"	2
"R-HSA-8863678"	"Neurodegenerative Diseases"	"2/37"	"22/10654"	0.00259490437835597	0.116251716150347	0.104888766451441	"4001/1020"	2
"R-HSA-180024"	"DARPP-32 events"	"2/37"	"26/10654"	0.00361909647574428	0.121499548914682	0.109623653156104	"5576/1020"	2
