"ID"	"Description"	"GeneRatio"	"BgRatio"	"pvalue"	"p.adjust"	"qvalue"	"geneID"	"Count"
"R-HSA-193692"	"Regulated proteolysis of p75NTR"	"2/42"	"11/10654"	0.000815874653834445	0.251938113853903	0.234776297199463	"4790/5663"	2
"R-HSA-376176"	"Signaling by ROBO receptors"	"5/42"	"218/10654"	0.00157332155321701	0.251938113853903	0.234776297199463	"4650/6132/5576/200916/5684"	5
"R-HSA-9006925"	"Intracellular signaling by second messengers"	"5/42"	"305/10654"	0.00664620086218064	0.251938113853903	0.234776297199463	"54815/5293/5576/5684/6801"	5
"R-HSA-983705"	"Signaling by the B Cell Receptor (BCR)"	"3/42"	"112/10654"	0.00964022760227575	0.251938113853903	0.234776297199463	"4790/5293/5684"	3
"R-HSA-2408522"	"Selenoamino acid metabolism"	"3/42"	"118/10654"	0.0111072893533582	0.251938113853903	0.234776297199463	"6132/191/200916"	3
"R-HSA-8853659"	"RET signaling"	"2/42"	"41/10654"	0.0112877214957237	0.251938113853903	0.234776297199463	"5293/5598"	2
