"ID"	"Description"	"GeneRatio"	"BgRatio"	"pvalue"	"p.adjust"	"qvalue"	"geneID"	"Count"
"R-HSA-5696397"	"Gap-filling DNA repair synthesis and ligation in GG-NER"	"2/40"	"25/10654"	0.00390424440746466	0.329231123133097	0.309574511454462	"10714/3980"	2
"R-HSA-110314"	"Recognition of DNA damage by PCNA-containing replication complex"	"2/40"	"30/10654"	0.00559453923617846	0.329231123133097	0.309574511454462	"10714/7398"	2
"R-HSA-202433"	"Generation of second messenger molecules"	"2/40"	"33/10654"	0.00674260143545401	0.329231123133097	0.309574511454462	"3937/7454"	2
"R-HSA-73933"	"Resolution of Abasic Sites (AP sites)"	"2/40"	"39/10654"	0.00932943485818385	0.329231123133097	0.309574511454462	"10714/3980"	2
"R-HSA-202403"	"TCR signaling"	"3/40"	"119/10654"	0.00993859529224633	0.329231123133097	0.309574511454462	"3937/6885/7454"	3
"R-HSA-73893"	"DNA Damage Bypass"	"2/40"	"48/10654"	0.013903626080394	0.329231123133097	0.309574511454462	"10714/7398"	2
