"ID"	"Description"	"GeneRatio"	"BgRatio"	"pvalue"	"p.adjust"	"qvalue"	"geneID"	"Count"
"R-HSA-373752"	"Netrin-1 signaling"	"3/43"	"50/10654"	0.00105177238963572	0.198022337865107	0.18317855815273	"3983/6714/4756"	3
"R-HSA-418885"	"DCC mediated attractive signaling"	"2/43"	"14/10654"	0.0014041159759989	0.198022337865107	0.18317855815273	"3983/6714"	2
"R-HSA-375165"	"NCAM signaling for neurite out-growth"	"3/43"	"63/10654"	0.00205471460359516	0.198022337865107	0.18317855815273	"8911/6714/1287"	3
"R-HSA-881907"	"Gastrin-CREB signalling pathway via PKC and MAPK"	"2/43"	"18/10654"	0.00233671045252386	0.198022337865107	0.18317855815273	"5598/6197"	2
"R-HSA-162587"	"HIV Life Cycle"	"4/43"	"152/10654"	0.00318976567103467	0.198022337865107	0.18317855815273	"51271/81929/2071/7520"	4
"R-HSA-198753"	"ERK/MAPK targets"	"2/43"	"22/10654"	0.0034920615852596	0.198022337865107	0.18317855815273	"5598/6197"	2
