"ID"	"Description"	"GeneRatio"	"BgRatio"	"pvalue"	"p.adjust"	"qvalue"	"geneID"	"Count"
"R-HSA-199418"	"Negative regulation of the PI3K/AKT network"	"4/37"	"110/10654"	0.000546478962702899	0.110847055432801	0.0994658650993209	"5159/5296/23239/6801"	4
"R-HSA-6794361"	"Neurexins and neuroligins"	"3/37"	"56/10654"	0.000941676016934644	0.110847055432801	0.0994658650993209	"22941/2902/347730"	3
"R-HSA-2219530"	"Constitutive Signaling by Aberrant PI3K in Cancer"	"3/37"	"75/10654"	0.00219231566324153	0.110847055432801	0.0994658650993209	"5159/5296/6801"	3
"R-HSA-442982"	"Ras activation upon Ca2+ influx through NMDA receptor"	"2/37"	"22/10654"	0.00259490437835597	0.110847055432801	0.0994658650993209	"5924/2902"	2
"R-HSA-8940973"	"RUNX2 regulates osteoblast differentiation"	"2/37"	"24/10654"	0.003086894408015	0.110847055432801	0.0994658650993209	"10413/5925"	2
"R-HSA-6794362"	"Protein-protein interactions at synapses"	"3/37"	"87/10654"	0.00334440701428211	0.110847055432801	0.0994658650993209	"22941/2902/347730"	3
