"ID"	"Description"	"GeneRatio"	"BgRatio"	"pvalue"	"p.adjust"	"qvalue"	"geneID"	"Count"
"R-HSA-3108232"	"SUMO E3 ligases SUMOylate target proteins"	"5/45"	"182/10654"	0.000967012665171835	0.0865831983309954	0.0781623149641076	"23279/80012/2099/332/10735"	5
"R-HSA-2990846"	"SUMOylation"	"5/45"	"188/10654"	0.00111813488348537	0.0865831983309954	0.0781623149641076	"23279/80012/2099/332/10735"	5
"R-HSA-451306"	"Ionotropic activity of kainate receptors"	"2/45"	"12/10654"	0.00112081810137211	0.0865831983309954	0.0781623149641076	"2901/2898"	2
"R-HSA-451308"	"Activation of Ca-permeable Kainate Receptor"	"2/45"	"12/10654"	0.00112081810137211	0.0865831983309954	0.0781623149641076	"2901/2898"	2
"R-HSA-3108214"	"SUMOylation of DNA damage response and repair proteins"	"3/45"	"77/10654"	0.00414178993376677	0.174601465779239	0.157620127513195	"23279/80012/10735"	3
"R-HSA-5368286"	"Mitochondrial translation initiation"	"3/45"	"87/10654"	0.00582810974058782	0.174601465779239	0.157620127513195	"54948/6150/26589"	3
