"ID"	"Description"	"GeneRatio"	"BgRatio"	"pvalue"	"p.adjust"	"qvalue"	"geneID"	"Count"
"R-HSA-5368286"	"Mitochondrial translation initiation"	"4/31"	"87/10654"	0.000110300936222803	0.00771836810101353	0.00643197341751127	"29088/28957/63931/64969"	4
"R-HSA-5389840"	"Mitochondrial translation elongation"	"4/31"	"87/10654"	0.000110300936222803	0.00771836810101353	0.00643197341751127	"29088/28957/63931/64969"	4
"R-HSA-5419276"	"Mitochondrial translation termination"	"4/31"	"87/10654"	0.000110300936222803	0.00771836810101353	0.00643197341751127	"29088/28957/63931/64969"	4
"R-HSA-5368287"	"Mitochondrial translation"	"4/31"	"93/10654"	0.000142932742611362	0.00771836810101353	0.00643197341751127	"29088/28957/63931/64969"	4
"R-HSA-72766"	"Translation"	"5/31"	"291/10654"	0.00139277746718172	0.0601679865822504	0.050139988818542	"29088/28957/63931/10056/64969"	5
"R-HSA-445095"	"Interaction between L1 and Ankyrins"	"2/31"	"31/10654"	0.00361511586762257	0.130144171234413	0.108453476028677	"287/6323"	2
