"ID"	"Description"	"GeneRatio"	"BgRatio"	"pvalue"	"p.adjust"	"qvalue"	"geneID"	"Count"
"R-HSA-8934593"	"Regulation of RUNX1 Expression and Activity"	"2/42"	"17/10654"	0.0019874055617316	0.342862854927008	0.332299686097421	"23112/896"	2
"R-HSA-5368286"	"Mitochondrial translation initiation"	"3/42"	"87/10654"	0.00479858054643151	0.342862854927008	0.332299686097421	"54998/54460/51069"	3
"R-HSA-5389840"	"Mitochondrial translation elongation"	"3/42"	"87/10654"	0.00479858054643151	0.342862854927008	0.332299686097421	"54998/54460/51069"	3
"R-HSA-5419276"	"Mitochondrial translation termination"	"3/42"	"87/10654"	0.00479858054643151	0.342862854927008	0.332299686097421	"54998/54460/51069"	3
"R-HSA-5368287"	"Mitochondrial translation"	"3/42"	"93/10654"	0.00577955511183415	0.342862854927008	0.332299686097421	"54998/54460/51069"	3
"R-HSA-9612973"	"Autophagy"	"3/42"	"119/10654"	0.0113636809545467	0.342862854927008	0.332299686097421	"55626/51001/11315"	3
