"ID"	"Description"	"GeneRatio"	"BgRatio"	"pvalue"	"p.adjust"	"qvalue"	"geneID"	"Count"
"R-HSA-3928662"	"EPHB-mediated forward signaling"	"5/223"	"42/10654"	0.00173872166455914	0.422679082395465	0.407388223596517	"2048/8976/71/2047/5921"	5
"R-HSA-194840"	"Rho GTPase cycle"	"9/223"	"138/10654"	0.00243555068375257	0.422679082395465	0.407388223596517	"9181/4649/29127/57522/6654/57514/1894/85360/9828"	9
"R-HSA-380320"	"Recruitment of NuMA to mitotic centrosomes"	"7/223"	"94/10654"	0.00351045141751414	0.422679082395465	0.407388223596517	"3320/22995/23332/23354/10426/9702/4926"	7
"R-HSA-983695"	"Antigen activates B Cell Receptor (BCR) leading to generation of second messengers"	"4/223"	"32/10654"	0.00424173891653017	0.422679082395465	0.407388223596517	"5293/6654/5336/3708"	4
"R-HSA-5693568"	"Resolution of D-loop Structures through Holliday Junction Intermediates"	"4/223"	"33/10654"	0.00474886257350901	0.422679082395465	0.407388223596517	"83990/10111/472/80198"	4
"R-HSA-3781860"	"Diseases associated with N-glycosylation of proteins"	"3/223"	"17/10654"	0.00495258190567615	0.422679082395465	0.407388223596517	"4247/7841/79796"	3
