"ID"	"Description"	"GeneRatio"	"BgRatio"	"pvalue"	"p.adjust"	"qvalue"	"geneID"	"Count"
"R-HSA-2022090"	"Assembly of collagen fibrils and other multimeric structures"	"2/23"	"61/10654"	0.00755112313458034	0.250898617634695	0.214584344029673	"1287/5339"	2
"R-HSA-1474290"	"Collagen formation"	"2/23"	"90/10654"	0.0159117084574965	0.250898617634695	0.214584344029673	"1287/5339"	2
"R-HSA-428643"	"Organic anion transporters"	"1/23"	"10/10654"	0.0213885652350325	0.250898617634695	0.214584344029673	"79751"	1
"R-HSA-937042"	"IRAK2 mediated activation of TAK1 complex"	"1/23"	"10/10654"	0.0213885652350325	0.250898617634695	0.214584344029673	"257397"	1
"R-HSA-425393"	"Transport of inorganic cations/anions and amino acids/oligopeptides"	"2/23"	"108/10654"	0.0224237586460288	0.250898617634695	0.214584344029673	"6558/79751"	2
"R-HSA-446107"	"Type I hemidesmosome assembly"	"1/23"	"11/10654"	0.0235031897182713	0.250898617634695	0.214584344029673	"5339"	1
