"ID"	"Description"	"GeneRatio"	"BgRatio"	"pvalue"	"p.adjust"	"qvalue"	"geneID"	"Count"
"R-HSA-2151201"	"Transcriptional activation of mitochondrial biogenesis"	"2/32"	"56/10654"	0.0121666035595624	0.423546719356734	0.409155724894913	"11232/64216"	2
"R-HSA-419771"	"Opsins"	"1/32"	"10/10654"	0.0296452930962913	0.423546719356734	0.409155724894913	"23596"	1
"R-HSA-446728"	"Cell junction organization"	"2/32"	"91/10654"	0.0303166936721268	0.423546719356734	0.409155724894913	"9459/5339"	2
"R-HSA-4086400"	"PCP/CE pathway"	"2/32"	"92/10654"	0.0309331001582524	0.423546719356734	0.409155724894913	"4920/6259"	2
"R-HSA-446107"	"Type I hemidesmosome assembly"	"1/32"	"11/10654"	0.0325625564015262	0.423546719356734	0.409155724894913	"5339"	1
"R-HSA-1592230"	"Mitochondrial biogenesis"	"2/32"	"95/10654"	0.0328122073046303	0.423546719356734	0.409155724894913	"11232/64216"	2
