"ID"	"Description"	"GeneRatio"	"BgRatio"	"pvalue"	"p.adjust"	"qvalue"	"geneID"	"Count"
"R-HSA-111465"	"Apoptotic cleavage of cellular proteins"	"2/32"	"38/10654"	0.00574361439035173	0.346558943268311	0.326517522897369	"5339/6304"	2
"R-HSA-3769402"	"Deactivation of the beta-catenin transactivating complex"	"2/32"	"42/10654"	0.0069821453871453	0.346558943268311	0.326517522897369	"9580/331"	2
"R-HSA-379724"	"tRNA Aminoacylation"	"2/32"	"42/10654"	0.0069821453871453	0.346558943268311	0.326517522897369	"51520/25973"	2
"R-HSA-75153"	"Apoptotic execution phase"	"2/32"	"52/10654"	0.0105542777392291	0.346558943268311	0.326517522897369	"5339/6304"	2
"R-HSA-72766"	"Translation"	"4/32"	"291/10654"	0.010733869821787	0.346558943268311	0.326517522897369	"51520/54460/25973/6134"	4
"R-HSA-109581"	"Apoptosis"	"3/32"	"178/10654"	0.0159413260679877	0.346558943268311	0.326517522897369	"5339/6304/331"	3
