"ID"	"Description"	"GeneRatio"	"BgRatio"	"pvalue"	"p.adjust"	"qvalue"	"geneID"	"Count"
"R-HSA-5627123"	"RHO GTPases activate PAKs"	"2/31"	"24/10654"	0.00217309707020289	0.262094264678028	0.238177294671438	"4628/5063"	2
"R-HSA-5620920"	"Cargo trafficking to the periciliary membrane"	"2/31"	"51/10654"	0.00956087053128469	0.262094264678028	0.238177294671438	"8195/6102"	2
"R-HSA-8943724"	"Regulation of PTEN gene transcription"	"2/31"	"61/10654"	0.0134777287117961	0.262094264678028	0.238177294671438	"8535/2122"	2
"R-HSA-373755"	"Semaphorin interactions"	"2/31"	"65/10654"	0.0152091154658937	0.262094264678028	0.238177294671438	"4628/5063"	2
"R-HSA-2470946"	"Cohesin Loading onto Chromatin"	"1/31"	"10/10654"	0.0287309854482142	0.262094264678028	0.238177294671438	"25836"	1
"R-HSA-2682334"	"EPH-Ephrin signaling"	"2/31"	"92/10654"	0.0291609315106413	0.262094264678028	0.238177294671438	"4628/5063"	2
