"ID"	"Description"	"GeneRatio"	"BgRatio"	"pvalue"	"p.adjust"	"qvalue"	"geneID"	"Count"
"R-HSA-69275"	"G2/M Transition"	"3/24"	"196/10654"	0.00933633526656348	0.240469446540729	0.213158512169067	"1063/115106/51451"	3
"R-HSA-453274"	"Mitotic G2-G2/M phases"	"3/24"	"198/10654"	0.00959828123815012	0.240469446540729	0.213158512169067	"1063/115106/51451"	3
"R-HSA-5368286"	"Mitochondrial translation initiation"	"2/24"	"87/10654"	0.0161920836037888	0.240469446540729	0.213158512169067	"64981/28957"	2
"R-HSA-5389840"	"Mitochondrial translation elongation"	"2/24"	"87/10654"	0.0161920836037888	0.240469446540729	0.213158512169067	"64981/28957"	2
"R-HSA-5419276"	"Mitochondrial translation termination"	"2/24"	"87/10654"	0.0161920836037888	0.240469446540729	0.213158512169067	"64981/28957"	2
"R-HSA-5368287"	"Mitochondrial translation"	"2/24"	"93/10654"	0.0183653341119906	0.240469446540729	0.213158512169067	"64981/28957"	2
