"ID"	"Description"	"GeneRatio"	"BgRatio"	"pvalue"	"p.adjust"	"qvalue"	"geneID"	"Count"
"R-HSA-8940973"	"RUNX2 regulates osteoblast differentiation"	"2/31"	"24/10654"	0.00217309707020289	0.294090236459074	0.26301699026415	"5594/121340"	2
"R-HSA-8941326"	"RUNX2 regulates bone development"	"2/31"	"32/10654"	0.00384915702012378	0.294090236459074	0.26301699026415	"5594/121340"	2
"R-HSA-5674135"	"MAP2K and MAPK activation"	"2/31"	"40/10654"	0.00596623850325962	0.294090236459074	0.26301699026415	"5594/84292"	2
"R-HSA-6783310"	"Fanconi Anemia Pathway"	"2/31"	"40/10654"	0.00596623850325962	0.294090236459074	0.26301699026415	"84126/80198"	2
"R-HSA-112040"	"G-protein mediated events"	"2/31"	"55/10654"	0.0110556299064299	0.294090236459074	0.26301699026415	"2774/5594"	2
"R-HSA-2022090"	"Assembly of collagen fibrils and other multimeric structures"	"2/31"	"61/10654"	0.0134777287117961	0.294090236459074	0.26301699026415	"1289/5339"	2
