"ID"	"Description"	"GeneRatio"	"BgRatio"	"pvalue"	"p.adjust"	"qvalue"	"geneID"	"Count"
"R-HSA-418990"	"Adherens junctions interactions"	"2/19"	"33/10654"	0.00153942006444641	0.233303158098873	0.211437142999823	"23705/1007"	2
"R-HSA-421270"	"Cell-cell junction organization"	"2/19"	"64/10654"	0.00568753680181663	0.233303158098873	0.211437142999823	"23705/1007"	2
"R-HSA-446728"	"Cell junction organization"	"2/19"	"91/10654"	0.0112270582617437	0.233303158098873	0.211437142999823	"23705/1007"	2
"R-HSA-8875555"	"MET activates RAP1 and RAC1"	"1/19"	"11/10654"	0.019452105192836	0.233303158098873	0.211437142999823	"2889"	1
"R-HSA-170968"	"Frs2-mediated activation"	"1/19"	"12/10654"	0.021202590018668	0.233303158098873	0.211437142999823	"2889"	1
"R-HSA-1500931"	"Cell-Cell communication"	"2/19"	"129/10654"	0.0217439602163916	0.233303158098873	0.211437142999823	"23705/1007"	2
