"ID"	"Description"	"GeneRatio"	"BgRatio"	"pvalue"	"p.adjust"	"qvalue"	"geneID"	"Count"
"R-HSA-2262752"	"Cellular responses to stress"	"6/21"	"479/10654"	0.000243732778163	0.0408959341132493	0.037198575683425	"1019/10013/5709/6667/26277/7296"	6
"R-HSA-8953897"	"Cellular responses to external stimuli"	"6/21"	"493/10654"	0.000284989087897208	0.0408959341132493	0.037198575683425	"1019/10013/5709/6667/26277/7296"	6
"R-HSA-1989781"	"PPARA activates gene expression"	"3/21"	"117/10654"	0.00148602029364919	0.0900801851399418	0.0819361302574934	"5469/6667/7296"	3
"R-HSA-400206"	"Regulation of lipid metabolism by Peroxisome proliferator-activated receptor alpha (PPARalpha)"	"3/21"	"119/10654"	0.00156026288928179	0.0900801851399418	0.0819361302574934	"5469/6667/7296"	3
"R-HSA-8878166"	"Transcriptional regulation by RUNX2"	"3/21"	"121/10654"	0.00163680317289006	0.0900801851399418	0.0819361302574934	"1019/10013/5709"	3
"R-HSA-2559585"	"Oncogene Induced Senescence"	"2/21"	"33/10654"	0.00188320944543432	0.0900801851399418	0.0819361302574934	"1019/6667"	2
