"ID"	"Description"	"GeneRatio"	"BgRatio"	"pvalue"	"p.adjust"	"qvalue"	"geneID"	"Count"
"R-HSA-428540"	"Activation of RAC1"	"4/277"	"14/10654"	0.000364286353199025	0.19088140095885	0.186435443736671	"5063/9353/6654/6655"	4
"R-HSA-3781860"	"Diseases associated with N-glycosylation of proteins"	"4/277"	"17/10654"	0.000814393956553148	0.19088140095885	0.186435443736671	"79087/79796/4247/7841"	4
"R-HSA-1989781"	"PPARA activates gene expression"	"10/277"	"117/10654"	0.000925423000422147	0.19088140095885	0.186435443736671	"211/1374/2033/9440/219541/9862/90390/4802/133522/6667"	10
"R-HSA-400206"	"Regulation of lipid metabolism by Peroxisome proliferator-activated receptor alpha (PPARalpha)"	"10/277"	"119/10654"	0.00105490735098624	0.19088140095885	0.186435443736671	"211/1374/2033/9440/219541/9862/90390/4802/133522/6667"	10
"R-HSA-194315"	"Signaling by Rho GTPases"	"23/277"	"455/10654"	0.00175965358051779	0.19088140095885	0.186435443736671	"392/57584/57514/9181/9212/699/64946/23332/1855/51143/114793/5048/5063/5586/4659/29127/5903/55288/6654/6655/6722/57522/85360"	23
"R-HSA-5368286"	"Mitochondrial translation initiation"	"8/277"	"87/10654"	0.00186681076732372	0.19088140095885	0.186435443736671	"29074/219927/116540/55173/28957/65993/64969/5018"	8
