"ID"	"Description"	"GeneRatio"	"BgRatio"	"pvalue"	"p.adjust"	"qvalue"	"geneID"	"Count"
"R-HSA-5625900"	"RHO GTPases activate CIT"	"2/45"	"20/10654"	0.00315802841725624	0.324617527489399	0.307037173216518	"9928/9055"	2
"R-HSA-4090294"	"SUMOylation of intracellular receptors"	"2/45"	"30/10654"	0.00703913702180362	0.324617527489399	0.307037173216518	"9759/2494"	2
"R-HSA-3108232"	"SUMO E3 ligases SUMOylate target proteins"	"4/45"	"182/10654"	0.00711244230115105	0.324617527489399	0.307037173216518	"9759/2494/7486/7508"	4
"R-HSA-2990846"	"SUMOylation"	"4/45"	"188/10654"	0.0079593981777492	0.324617527489399	0.307037173216518	"9759/2494/7486/7508"	4
"R-HSA-2871809"	"FCERI mediated Ca+2 mobilization"	"2/45"	"33/10654"	0.00847579930967182	0.324617527489399	0.307037173216518	"3937/4775"	2
"R-HSA-5685938"	"HDR through Single Strand Annealing (SSA)"	"2/45"	"37/10654"	0.0105774488394751	0.324617527489399	0.307037173216518	"144715/7486"	2
