"ID"	"Description"	"GeneRatio"	"BgRatio"	"pvalue"	"p.adjust"	"qvalue"	"geneID"	"Count"
"R-HSA-2024096"	"HS-GAG degradation"	"2/43"	"22/10654"	0.0034920615852596	0.378840839150388	0.370027679882907	"2719/6448"	2
"R-HSA-5619115"	"Disorders of transmembrane transporters"	"4/43"	"176/10654"	0.00537636779589721	0.378840839150388	0.370027679882907	"10058/5826/81929/6514"	4
"R-HSA-5668914"	"Diseases of metabolism"	"3/43"	"104/10654"	0.00840274276251619	0.378840839150388	0.370027679882907	"5826/2230/6448"	3
"R-HSA-162599"	"Late Phase of HIV Life Cycle"	"3/43"	"139/10654"	0.0183365841657241	0.378840839150388	0.370027679882907	"2071/81929/51271"	3
"R-HSA-1638091"	"Heparan sulfate/heparin (HS-GAG) metabolism"	"2/43"	"55/10654"	0.0206401825538733	0.378840839150388	0.370027679882907	"2719/6448"	2
"R-HSA-9639288"	"Amino acids regulate mTORC1"	"2/43"	"55/10654"	0.0206401825538733	0.378840839150388	0.370027679882907	"525/81929"	2
