"ID"	"Description"	"GeneRatio"	"BgRatio"	"pvalue"	"p.adjust"	"qvalue"	"geneID"	"Count"
"R-HSA-2465910"	"MASTL Facilitates Mitotic Progression"	"2/43"	"10/10654"	0.000701498526985484	0.266693686892253	0.250476065251661	"2029/5518"	2
"R-HSA-1369062"	"ABC transporters in lipid homeostasis"	"2/43"	"18/10654"	0.00233671045252386	0.266693686892253	0.250476065251661	"215/64240"	2
"R-HSA-5619084"	"ABC transporter disorders"	"3/43"	"77/10654"	0.00363949753988573	0.266693686892253	0.250476065251661	"215/64240/5708"	3
"R-HSA-2173788"	"Downregulation of TGF-beta receptor signaling"	"2/43"	"26/10654"	0.00486311231560983	0.266693686892253	0.250476065251661	"9110/9372"	2
"R-HSA-5619115"	"Disorders of transmembrane transporters"	"4/43"	"176/10654"	0.00537636779589721	0.266693686892253	0.250476065251661	"215/64240/5708/5903"	4
"R-HSA-4086400"	"PCP/CE pathway"	"3/43"	"92/10654"	0.00599173352909204	0.266693686892253	0.250476065251661	"8324/5708/4920"	3
