"ID"	"Description"	"GeneRatio"	"BgRatio"	"pvalue"	"p.adjust"	"qvalue"	"geneID"	"Count"
"R-HSA-1169408"	"ISG15 antiviral mechanism"	"2/34"	"72/10654"	0.0219791719409972	0.338791912068537	0.323039727344085	"23586/5903"	2
"R-HSA-427389"	"ERCC6 (CSB) and EHMT2 (G9a) positively regulate rRNA expression"	"2/34"	"76/10654"	0.0243141579041156	0.338791912068537	0.323039727344085	"54815/3021"	2
"R-HSA-1169410"	"Antiviral mechanism by IFN-stimulated genes"	"2/34"	"80/10654"	0.0267465669135548	0.338791912068537	0.323039727344085	"23586/5903"	2
"R-HSA-381340"	"Transcriptional regulation of white adipocyte differentiation"	"2/34"	"84/10654"	0.0292737014837749	0.338791912068537	0.323039727344085	"9282/9412"	2
"R-HSA-983169"	"Class I MHC mediated antigen processing & presentation"	"4/34"	"371/10654"	0.0294448280242975	0.338791912068537	0.323039727344085	"26235/57531/154881/653361"	4
"R-HSA-428643"	"Organic anion transporters"	"1/34"	"10/10654"	0.0314715849026697	0.338791912068537	0.323039727344085	"57084"	1
