"ID"	"Description"	"GeneRatio"	"BgRatio"	"pvalue"	"p.adjust"	"qvalue"	"geneID"	"Count"
"R-HSA-419037"	"NCAM1 interactions"	"3/44"	"42/10654"	0.000674277183688001	0.146992426043984	0.128467547628977	"6900/1281/1290"	3
"R-HSA-186797"	"Signaling by PDGF"	"3/44"	"58/10654"	0.00173085335881283	0.159563166492568	0.139454047007024	"1281/1290/6772"	3
"R-HSA-375165"	"NCAM signaling for neurite out-growth"	"3/44"	"63/10654"	0.00219582339209955	0.159563166492568	0.139454047007024	"6900/1281/1290"	3
"R-HSA-6804115"	"TP53 regulates transcription of additional cell cycle genes whose exact role in the p53 pathway remain uncertain"	"2/44"	"21/10654"	0.00333033566466216	0.181503293724088	0.158629146132593	"25904/29883"	2
"R-HSA-429947"	"Deadenylation of mRNA"	"2/44"	"25/10654"	0.00470806181718867	0.1836110148453	0.160471239435052	"25904/29883"	2
"R-HSA-3000170"	"Syndecan interactions"	"2/44"	"27/10654"	0.00547968926715596	0.1836110148453	0.160471239435052	"1281/1290"	2
