"ID"	"Description"	"GeneRatio"	"BgRatio"	"pvalue"	"p.adjust"	"qvalue"	"geneID"	"Count"
"R-HSA-2214320"	"Anchoring fibril formation"	"2/39"	"15/10654"	0.00133039656051393	0.160278558055482	0.134553117462844	"1286/3914"	2
"R-HSA-6796648"	"TP53 Regulates Transcription of DNA Repair Genes"	"3/39"	"65/10654"	0.0016934639466763	0.160278558055482	0.134553117462844	"1111/2962/2965"	3
"R-HSA-167160"	"RNA Pol II CTD phosphorylation and interaction with CE during HIV infection"	"2/39"	"27/10654"	0.00432579871084666	0.160278558055482	0.134553117462844	"2962/2965"	2
"R-HSA-77075"	"RNA Pol II CTD phosphorylation and interaction with CE"	"2/39"	"27/10654"	0.00432579871084666	0.160278558055482	0.134553117462844	"2962/2965"	2
"R-HSA-72086"	"mRNA Capping"	"2/39"	"29/10654"	0.0049806147810694	0.160278558055482	0.134553117462844	"2962/2965"	2
"R-HSA-3000157"	"Laminin interactions"	"2/39"	"30/10654"	0.00532408992248434	0.160278558055482	0.134553117462844	"1286/3914"	2
