"ID"	"Description"	"GeneRatio"	"BgRatio"	"pvalue"	"p.adjust"	"qvalue"	"geneID"	"Count"
"R-HSA-166208"	"mTORC1-mediated signalling"	"2/55"	"23/10654"	0.00617583338717262	0.458619338454662	0.458619338454662	"10542/7529"	2
"R-HSA-8951664"	"Neddylation"	"5/55"	"234/10654"	0.00697632161933472	0.458619338454662	0.458619338454662	"146330/154881/11275/5684/56995"	5
"R-HSA-5683826"	"Surfactant metabolism"	"2/55"	"30/10654"	0.0103764443209183	0.458619338454662	0.458619338454662	"1439/2627"	2
"R-HSA-71291"	"Metabolism of amino acids and derivatives"	"6/55"	"372/10654"	0.0119279460732919	0.458619338454662	0.458619338454662	"191/2752/169355/5684/200916/7306"	6
"R-HSA-5607764"	"CLEC7A (Dectin-1) signaling"	"3/55"	"101/10654"	0.0151933024068965	0.458619338454662	0.458619338454662	"64170/4790/5684"	3
"R-HSA-165159"	"mTOR signalling"	"2/55"	"40/10654"	0.018004851966821	0.458619338454662	0.458619338454662	"10542/7529"	2
