"ID"	"Description"	"GeneRatio"	"BgRatio"	"pvalue"	"p.adjust"	"qvalue"	"geneID"	"Count"
"R-HSA-9617629"	"Regulation of FOXO transcriptional activity by acetylation"	"2/49"	"10/10654"	0.000910837514323263	0.23828440348925	0.227108645762639	"2033/2308"	2
"R-HSA-6781823"	"Formation of TC-NER Pre-Incision Complex"	"3/49"	"54/10654"	0.00192328022403455	0.23828440348925	0.227108645762639	"2033/57461/100534599"	3
"R-HSA-9614657"	"FOXO-mediated transcription of cell death genes"	"2/49"	"16/10654"	0.00238647884543832	0.23828440348925	0.227108645762639	"2033/2308"	2
"R-HSA-6782210"	"Gap-filling DNA repair synthesis and ligation in TC-NER"	"3/49"	"65/10654"	0.00326913479977182	0.23828440348925	0.227108645762639	"2033/57461/100534599"	3
"R-HSA-6782135"	"Dual incision in TC-NER"	"3/49"	"66/10654"	0.00341381666890043	0.23828440348925	0.227108645762639	"2033/57461/100534599"	3
"R-HSA-448424"	"Interleukin-17 signaling"	"3/49"	"72/10654"	0.00436435755348574	0.253860131027754	0.241953857351139	"1848/55540/64806"	3
