"ID"	"Description"	"GeneRatio"	"BgRatio"	"pvalue"	"p.adjust"	"qvalue"	"geneID"	"Count"
"R-HSA-5368286"	"Mitochondrial translation initiation"	"3/46"	"87/10654"	0.00619836347684361	0.367134384094356	0.363242500164028	"64981/28957/5018"	3
"R-HSA-5389840"	"Mitochondrial translation elongation"	"3/46"	"87/10654"	0.00619836347684361	0.367134384094356	0.363242500164028	"64981/28957/5018"	3
"R-HSA-5419276"	"Mitochondrial translation termination"	"3/46"	"87/10654"	0.00619836347684361	0.367134384094356	0.363242500164028	"64981/28957/5018"	3
"R-HSA-5368287"	"Mitochondrial translation"	"3/46"	"93/10654"	0.00745321847371483	0.367134384094356	0.363242500164028	"64981/28957/5018"	3
"R-HSA-72163"	"mRNA Splicing - Major Pathway"	"4/46"	"183/10654"	0.00783519160566631	0.367134384094356	0.363242500164028	"51645/23020/6631/55339"	4
"R-HSA-196854"	"Metabolism of vitamins and cofactors"	"4/46"	"189/10654"	0.0087582048387667	0.367134384094356	0.363242500164028	"5826/54/10082/56965"	4
