"ID"	"Description"	"GeneRatio"	"BgRatio"	"pvalue"	"p.adjust"	"qvalue"	"geneID"	"Count"
"R-HSA-3296482"	"Defects in vitamin and cofactor metabolism"	"2/43"	"22/10654"	0.0034920615852596	0.214269940444163	0.194589832395112	"81693/64087"	2
"R-HSA-5368286"	"Mitochondrial translation initiation"	"3/43"	"87/10654"	0.00512835989917914	0.214269940444163	0.194589832395112	"54948/6150/26589"	3
"R-HSA-5389840"	"Mitochondrial translation elongation"	"3/43"	"87/10654"	0.00512835989917914	0.214269940444163	0.194589832395112	"54948/6150/26589"	3
"R-HSA-5419276"	"Mitochondrial translation termination"	"3/43"	"87/10654"	0.00512835989917914	0.214269940444163	0.194589832395112	"54948/6150/26589"	3
"R-HSA-5368287"	"Mitochondrial translation"	"3/43"	"93/10654"	0.00617420696793382	0.214269940444163	0.194589832395112	"54948/6150/26589"	3
"R-HSA-2559583"	"Cellular Senescence"	"4/43"	"195/10654"	0.00769254441451113	0.214269940444163	0.194589832395112	"3397/4343/4683/80012"	4
