"ID"	"Description"	"GeneRatio"	"BgRatio"	"pvalue"	"p.adjust"	"qvalue"	"geneID"	"Count"
"R-HSA-3215018"	"Processing and activation of SUMO"	"2/39"	"10/10654"	0.000576802951313546	0.156890402757284	0.14268283532493	"29843/205564"	2
"R-HSA-445144"	"Signal transduction by L1"	"2/39"	"21/10654"	0.00262416257040051	0.176246653257723	0.160286236515344	"3897/5605"	2
"R-HSA-5696399"	"Global Genome Nucleotide Excision Repair (GG-NER)"	"3/39"	"84/10654"	0.00352141754955951	0.176246653257723	0.160286236515344	"51138/10714/7528"	3
"R-HSA-5368286"	"Mitochondrial translation initiation"	"3/39"	"87/10654"	0.00388779382186154	0.176246653257723	0.160286236515344	"11222/54460/55037"	3
"R-HSA-5389840"	"Mitochondrial translation elongation"	"3/39"	"87/10654"	0.00388779382186154	0.176246653257723	0.160286236515344	"11222/54460/55037"	3
"R-HSA-5419276"	"Mitochondrial translation termination"	"3/39"	"87/10654"	0.00388779382186154	0.176246653257723	0.160286236515344	"11222/54460/55037"	3
