"ID"	"Description"	"GeneRatio"	"BgRatio"	"pvalue"	"p.adjust"	"qvalue"	"geneID"	"Count"
"R-HSA-5682910"	"LGI-ADAM interactions"	"3/46"	"14/10654"	2.65235128828104e-05	0.00785095981331189	0.00745450309443199	"4185/8745/1742"	3
"R-HSA-9617629"	"Regulation of FOXO transcriptional activity by acetylation"	"2/46"	"10/10654"	0.000802835664723628	0.118819678379097	0.112819538148005	"2033/23411"	2
"R-HSA-3371556"	"Cellular response to heat stress"	"3/46"	"89/10654"	0.0066012878055572	0.37099486482166	0.352260415744606	"2033/5903/23411"	3
"R-HSA-1980145"	"Signaling by NOTCH2"	"2/46"	"33/10654"	0.00884400116892861	0.37099486482166	0.352260415744606	"83464/2033"	2
"R-HSA-2129379"	"Molecules associated with elastic fibres"	"2/46"	"38/10654"	0.0116154889896993	0.37099486482166	0.352260415744606	"2192/8516"	2
"R-HSA-3769402"	"Deactivation of the beta-catenin transactivating complex"	"2/46"	"42/10654"	0.0140716595879249	0.37099486482166	0.352260415744606	"9580/64321"	2
