"ID"	"Description"	"GeneRatio"	"BgRatio"	"pvalue"	"p.adjust"	"qvalue"	"geneID"	"Count"
"R-HSA-110373"	"Resolution of AP sites via the multiple-nucleotide patch replacement pathway"	"2/36"	"26/10654"	0.00342859869647434	0.339063284647287	0.313342397969077	"10038/5982"	2
"R-HSA-73933"	"Resolution of Abasic Sites (AP sites)"	"2/36"	"39/10654"	0.00760495580492622	0.339063284647287	0.313342397969077	"10038/5982"	2
"R-HSA-5696400"	"Dual Incision in GG-NER"	"2/36"	"41/10654"	0.0083802302276005	0.339063284647287	0.313342397969077	"10038/5982"	2
"R-HSA-6802952"	"Signaling by BRAF and RAF fusions"	"2/36"	"67/10654"	0.0213907944697719	0.339063284647287	0.313342397969077	"22866/11044"	2
"R-HSA-72163"	"mRNA Splicing - Major Pathway"	"3/36"	"183/10654"	0.0234991600189183	0.339063284647287	0.313342397969077	"8896/11325/6631"	3
"R-HSA-6802957"	"Oncogenic MAPK signaling"	"2/36"	"71/10654"	0.0238404216274522	0.339063284647287	0.313342397969077	"22866/11044"	2
