"ID"	"Description"	"GeneRatio"	"BgRatio"	"pvalue"	"p.adjust"	"qvalue"	"geneID"	"Count"
"R-HSA-1482922"	"Acyl chain remodelling of PI"	"2/38"	"17/10654"	0.00162879845223699	0.333903682708582	0.325759690447397	"79143/5321"	2
"R-HSA-8864260"	"Transcriptional regulation by the AP-2 (TFAP2) family of transcription factors"	"2/38"	"38/10654"	0.00803197635873169	0.424577570114691	0.414222019624089	"29028/5308"	2
"R-HSA-2122947"	"NOTCH1 Intracellular Domain Regulates Transcription"	"2/38"	"47/10654"	0.0121046593303351	0.424577570114691	0.414222019624089	"55869/7088"	2
"R-HSA-3247509"	"Chromatin modifying enzymes"	"4/38"	"274/10654"	0.0159006909638274	0.424577570114691	0.414222019624089	"55869/57325/79918/10629"	4
"R-HSA-4839726"	"Chromatin organization"	"4/38"	"274/10654"	0.0159006909638274	0.424577570114691	0.414222019624089	"55869/57325/79918/10629"	4
"R-HSA-1980143"	"Signaling by NOTCH1"	"2/38"	"73/10654"	0.0277716682370568	0.424577570114691	0.414222019624089	"55869/7088"	2
