"ID"	"Description"	"GeneRatio"	"BgRatio"	"pvalue"	"p.adjust"	"qvalue"	"geneID"	"Count"
"R-HSA-1660514"	"Synthesis of PIPs at the Golgi membrane"	"2/35"	"18/10654"	0.00155205779522891	0.190257880075831	0.18375421949809	"5298/22908"	2
"R-HSA-446193"	"Biosynthesis of the N-glycan precursor (dolichol lipid-linked oligosaccharide, LLO) and transfer to a nascent protein"	"3/35"	"78/10654"	0.0020875098054994	0.190257880075831	0.18375421949809	"79087/22845/5238"	3
"R-HSA-446203"	"Asparagine N-linked glycosylation"	"5/35"	"304/10654"	0.0029421321661211	0.190257880075831	0.18375421949809	"79087/84516/22845/10299/5238"	5
"R-HSA-6784531"	"tRNA processing in the nucleus"	"2/35"	"57/10654"	0.014943999349364	0.312725074538851	0.302035069277892	"283742/5903"	2
"R-HSA-446219"	"Synthesis of substrates in N-glycan biosythesis"	"2/35"	"63/10654"	0.0180637890918821	0.312725074538851	0.302035069277892	"22845/5238"	2
"R-HSA-1483255"	"PI Metabolism"	"2/35"	"84/10654"	0.0308915233665183	0.312725074538851	0.302035069277892	"5298/22908"	2
