"ID"	"Description"	"GeneRatio"	"BgRatio"	"pvalue"	"p.adjust"	"qvalue"	"geneID"	"Count"
"R-HSA-5368286"	"Mitochondrial translation initiation"	"4/44"	"87/10654"	0.000438941635299078	0.0258720349652654	0.0244061762111218	"219927/116540/65993/64969"	4
"R-HSA-5389840"	"Mitochondrial translation elongation"	"4/44"	"87/10654"	0.000438941635299078	0.0258720349652654	0.0244061762111218	"219927/116540/65993/64969"	4
"R-HSA-5419276"	"Mitochondrial translation termination"	"4/44"	"87/10654"	0.000438941635299078	0.0258720349652654	0.0244061762111218	"219927/116540/65993/64969"	4
"R-HSA-5368287"	"Mitochondrial translation"	"4/44"	"93/10654"	0.000565508960989407	0.0258720349652654	0.0244061762111218	"219927/116540/65993/64969"	4
"R-HSA-451927"	"Interleukin-2 family signaling"	"2/44"	"44/10654"	0.0141278664102697	0.380058023661704	0.358524681510034	"3562/6655"	2
"R-HSA-1660499"	"Synthesis of PIPs at the plasma membrane"	"2/44"	"53/10654"	0.0201035384213282	0.380058023661704	0.358524681510034	"8897/22874"	2
