"ID"	"Description"	"GeneRatio"	"BgRatio"	"pvalue"	"p.adjust"	"qvalue"	"geneID"	"Count"
"R-HSA-9639288"	"Amino acids regulate mTORC1"	"3/36"	"55/10654"	0.000823923173244363	0.180439174940515	0.153509896488687	"9296/9681/84219"	3
"R-HSA-3000480"	"Scavenging by Class A Receptors"	"2/36"	"19/10654"	0.00183096331204014	0.200490482668395	0.170568687490055	"1282/2495"	2
"R-HSA-2262752"	"Cellular responses to stress"	"6/36"	"479/10654"	0.00493954248022452	0.258292217759388	0.219743919939494	"9296/9681/3297/6416/5970/84219"	6
"R-HSA-8953897"	"Cellular responses to external stimuli"	"6/36"	"493/10654"	0.00567913154406076	0.258292217759388	0.219743919939494	"9296/9681/3297/6416/5970/84219"	6
"R-HSA-2173782"	"Binding and Uptake of Ligands by Scavenger Receptors"	"2/36"	"42/10654"	0.00878066356532879	0.258292217759388	0.219743919939494	"1282/2495"	2
"R-HSA-917937"	"Iron uptake and transport"	"2/36"	"58/10654"	0.0162980719711468	0.258292217759388	0.219743919939494	"9296/2495"	2
