"ID"	"Description"	"GeneRatio"	"BgRatio"	"pvalue"	"p.adjust"	"qvalue"	"geneID"	"Count"
"R-HSA-2173788"	"Downregulation of TGF-beta receptor signaling"	"2/39"	"26/10654"	0.00401461614967545	0.200754916248827	0.186529119478475	"64750/9372"	2
"R-HSA-2173789"	"TGF-beta receptor signaling activates SMADs"	"2/39"	"32/10654"	0.00604278156328892	0.200754916248827	0.186529119478475	"64750/9372"	2
"R-HSA-73863"	"RNA Polymerase I Transcription Termination"	"2/39"	"32/10654"	0.00604278156328892	0.200754916248827	0.186529119478475	"64425/7270"	2
"R-HSA-427413"	"NoRC negatively regulates rRNA expression"	"3/39"	"107/10654"	0.00692322177193398	0.200754916248827	0.186529119478475	"8932/64425/7270"	3
"R-HSA-5250941"	"Negative epigenetic regulation of rRNA expression"	"3/39"	"110/10654"	0.00747137957433946	0.200754916248827	0.186529119478475	"8932/64425/7270"	3
"R-HSA-73854"	"RNA Polymerase I Promoter Clearance"	"3/39"	"110/10654"	0.00747137957433946	0.200754916248827	0.186529119478475	"8932/64425/7270"	3
