"ID"	"Description"	"GeneRatio"	"BgRatio"	"pvalue"	"p.adjust"	"qvalue"	"geneID"	"Count"
"R-HSA-2173795"	"Downregulation of SMAD2/3:SMAD4 transcriptional activity"	"2/37"	"23/10654"	0.00283583825912548	0.314050358191388	0.286684974282594	"64750/51592"	2
"R-HSA-2173793"	"Transcriptional activity of SMAD2/SMAD3:SMAD4 heterotrimer"	"2/37"	"44/10654"	0.0101293343868124	0.314050358191388	0.286684974282594	"64750/51592"	2
"R-HSA-8941858"	"Regulation of RUNX3 expression and activity"	"2/37"	"55/10654"	0.015525408662586	0.314050358191388	0.286684974282594	"2033/64750"	2
"R-HSA-983189"	"Kinesins"	"2/37"	"59/10654"	0.0177337529057454	0.314050358191388	0.286684974282594	"3835/29127"	2
"R-HSA-112382"	"Formation of RNA Pol II elongation complex "	"2/37"	"61/10654"	0.0188851306009179	0.314050358191388	0.286684974282594	"85403/4300"	2
"R-HSA-75955"	"RNA Polymerase II Transcription Elongation"	"2/37"	"61/10654"	0.0188851306009179	0.314050358191388	0.286684974282594	"85403/4300"	2
