"ID"	"Description"	"GeneRatio"	"BgRatio"	"pvalue"	"p.adjust"	"qvalue"	"geneID"	"Count"
"R-HSA-375165"	"NCAM signaling for neurite out-growth"	"3/25"	"63/10654"	0.000413057838682799	0.107395038057528	0.0847855563612061	"8911/1289/6654"	3
"R-HSA-71403"	"Citric acid cycle (TCA cycle)"	"2/25"	"22/10654"	0.00118653234669267	0.11635034405145	0.0918555347774605	"1743/6390"	2
"R-HSA-9006335"	"Signaling by Erythropoietin"	"2/25"	"25/10654"	0.0015343216191857	0.11635034405145	0.0918555347774605	"5293/6654"	2
"R-HSA-912526"	"Interleukin receptor SHC signaling"	"2/25"	"27/10654"	0.00179000529309923	0.11635034405145	0.0918555347774605	"5293/6654"	2
"R-HSA-983695"	"Antigen activates B Cell Receptor (BCR) leading to generation of second messengers"	"2/25"	"32/10654"	0.0025113672650557	0.130591097782897	0.10309823509176	"5293/6654"	2
"R-HSA-8853659"	"RET signaling"	"2/25"	"41/10654"	0.00409857886483006	0.153012009058632	0.120798954519972	"5293/6654"	2
