"ID"	"Description"	"GeneRatio"	"BgRatio"	"pvalue"	"p.adjust"	"qvalue"	"geneID"	"Count"
"R-HSA-176187"	"Activation of ATR in response to replication stress"	"2/23"	"37/10654"	0.00283583825912548	0.210522372856917	0.180133024482065	"990/5982"	2
"R-HSA-8986944"	"Transcriptional Regulation by MECP2"	"2/23"	"62/10654"	0.00779263043886981	0.210522372856917	0.180133024482065	"192670/6446"	2
"R-HSA-1483257"	"Phospholipid metabolism"	"3/23"	"212/10654"	0.0102570604871612	0.210522372856917	0.180133024482065	"80821/55361/114971"	3
"R-HSA-5687128"	"MAPK6/MAPK4 signaling"	"2/23"	"89/10654"	0.0155784152831938	0.210522372856917	0.180133024482065	"192670/5063"	2
"R-HSA-68689"	"CDC6 association with the ORC:origin complex"	"1/23"	"11/10654"	0.0235031897182713	0.210522372856917	0.180133024482065	"990"	1
"R-HSA-389359"	"CD28 dependent Vav1 pathway"	"1/23"	"12/10654"	0.0256134430901097	0.210522372856917	0.180133024482065	"5063"	1
