"ID"	"Description"	"GeneRatio"	"BgRatio"	"pvalue"	"p.adjust"	"qvalue"	"geneID"	"Count"
"R-HSA-5368286"	"Mitochondrial translation initiation"	"3/29"	"87/10654"	0.0016484518691773	0.0623803503139839	0.0567332870224022	"219927/28957/5018"	3
"R-HSA-5389840"	"Mitochondrial translation elongation"	"3/29"	"87/10654"	0.0016484518691773	0.0623803503139839	0.0567332870224022	"219927/28957/5018"	3
"R-HSA-5419276"	"Mitochondrial translation termination"	"3/29"	"87/10654"	0.0016484518691773	0.0623803503139839	0.0567332870224022	"219927/28957/5018"	3
"R-HSA-5368287"	"Mitochondrial translation"	"3/29"	"93/10654"	0.00199617121004748	0.0623803503139839	0.0567332870224022	"219927/28957/5018"	3
"R-HSA-72766"	"Translation"	"4/29"	"291/10654"	0.00755688190715149	0.188922047678787	0.171819630731023	"8668/219927/28957/5018"	4
"R-HSA-8978868"	"Fatty acid metabolism"	"3/29"	"177/10654"	0.0119956961049453	0.20825216106209	0.189399860165943	"1374/2879/5096"	3
