"ID"	"Description"	"GeneRatio"	"BgRatio"	"pvalue"	"p.adjust"	"qvalue"	"geneID"	"Count"
"R-HSA-2565942"	"Regulation of PLK1 Activity at G2/M Transition"	"3/31"	"88/10654"	0.00207081230395898	0.224484786800781	0.196345707245025	"79866/5048/4659"	3
"R-HSA-8939211"	"ESR-mediated signaling"	"4/31"	"223/10654"	0.00377248318186094	0.224484786800781	0.196345707245025	"3169/6722/10735/7528"	4
"R-HSA-5693568"	"Resolution of D-loop Structures through Holliday Junction Intermediates"	"2/31"	"33/10654"	0.0040900883000305	0.224484786800781	0.196345707245025	"80198/5932"	2
"R-HSA-5693537"	"Resolution of D-Loop Structures"	"2/31"	"34/10654"	0.00433787027634358	0.224484786800781	0.196345707245025	"80198/5932"	2
"R-HSA-2500257"	"Resolution of Sister Chromatid Cohesion"	"3/31"	"126/10654"	0.0057013823873343	0.235011118220676	0.205552567169877	"699/5048/10735"	3
"R-HSA-5663220"	"RHO GTPases Activate Formins"	"3/31"	"140/10654"	0.00762777792044635	0.235011118220676	0.205552567169877	"699/5048/6722"	3
