"ID"	"Description"	"GeneRatio"	"BgRatio"	"pvalue"	"p.adjust"	"qvalue"	"geneID"	"Count"
"R-HSA-3214847"	"HATs acetylate histones"	"4/35"	"142/10654"	0.00114904127091034	0.140346844050178	0.124096156844368	"23587/2033/55683/10629"	4
"R-HSA-3247509"	"Chromatin modifying enzymes"	"5/35"	"274/10654"	0.00187129125400238	0.140346844050178	0.124096156844368	"23587/2033/55683/23512/10629"	5
"R-HSA-4839726"	"Chromatin organization"	"5/35"	"274/10654"	0.00187129125400238	0.140346844050178	0.124096156844368	"23587/2033/55683/23512/10629"	5
"R-HSA-3108232"	"SUMO E3 ligases SUMOylate target proteins"	"4/35"	"182/10654"	0.00285247658739685	0.144276947347782	0.127571195549618	"2033/2494/1911/23512"	4
"R-HSA-2990846"	"SUMOylation"	"4/35"	"188/10654"	0.00320615438550626	0.144276947347782	0.127571195549618	"2033/2494/1911/23512"	4
"R-HSA-8953750"	"Transcriptional Regulation by E2F6"	"2/35"	"35/10654"	0.00582826274297982	0.192483664921749	0.170196082667652	"1911/23512"	2
