"ID"	"Description"	"GeneRatio"	"BgRatio"	"pvalue"	"p.adjust"	"qvalue"	"geneID"	"Count"
"R-HSA-1169408"	"ISG15 antiviral mechanism"	"2/31"	"72/10654"	0.0184560084390677	0.324175917036282	0.304780776700778	"23586/5903"	2
"R-HSA-427389"	"ERCC6 (CSB) and EHMT2 (G9a) positively regulate rRNA expression"	"2/31"	"76/10654"	0.0204316096775864	0.324175917036282	0.304780776700778	"54815/3021"	2
"R-HSA-1169410"	"Antiviral mechanism by IFN-stimulated genes"	"2/31"	"80/10654"	0.0224919815495995	0.324175917036282	0.304780776700778	"23586/5903"	2
"R-HSA-381340"	"Transcriptional regulation of white adipocyte differentiation"	"2/31"	"84/10654"	0.0246350279242925	0.324175917036282	0.304780776700778	"9282/9412"	2
"R-HSA-428643"	"Organic anion transporters"	"1/31"	"10/10654"	0.0287309854482142	0.324175917036282	0.304780776700778	"57084"	1
"R-HSA-2022923"	"Dermatan sulfate biosynthesis"	"1/31"	"11/10654"	0.0315597471403514	0.324175917036282	0.304780776700778	"10090"	1
