"ID"	"Description"	"GeneRatio"	"BgRatio"	"pvalue"	"p.adjust"	"qvalue"	"geneID"	"Count"
"R-HSA-1369062"	"ABC transporters in lipid homeostasis"	"2/38"	"18/10654"	0.00182828290272987	0.345062394947987	0.328344488744512	"215/64240"	2
"R-HSA-5619084"	"ABC transporter disorders"	"3/38"	"77/10654"	0.00255301214259806	0.345062394947987	0.328344488744512	"215/64240/5708"	3
"R-HSA-5619115"	"Disorders of transmembrane transporters"	"4/38"	"176/10654"	0.0034277721352449	0.345062394947987	0.328344488744512	"215/64240/5708/5903"	4
"R-HSA-382556"	"ABC-family proteins mediated transport"	"3/38"	"103/10654"	0.00579180550277977	0.390373800995546	0.371460605339087	"215/64240/5708"	3
"R-HSA-159231"	"Transport of Mature mRNA Derived from an Intronless Transcript"	"2/38"	"41/10654"	0.00930605465979698	0.390373800995546	0.371460605339087	"5903/8189"	2
"R-HSA-159234"	"Transport of Mature mRNAs Derived from Intronless Transcripts"	"2/38"	"42/10654"	0.00974952699358077	0.390373800995546	0.371460605339087	"5903/8189"	2
