"ID"	"Description"	"GeneRatio"	"BgRatio"	"pvalue"	"p.adjust"	"qvalue"	"geneID"	"Count"
"R-HSA-5674400"	"Constitutive Signaling by AKT1 E17K in Cancer"	"2/41"	"25/10654"	0.00409857886483006	0.261415135418261	0.255194208971795	"572/2309"	2
"R-HSA-5368286"	"Mitochondrial translation initiation"	"3/41"	"87/10654"	0.00448199905025281	0.261415135418261	0.255194208971795	"64981/28957/5018"	3
"R-HSA-5389840"	"Mitochondrial translation elongation"	"3/41"	"87/10654"	0.00448199905025281	0.261415135418261	0.255194208971795	"64981/28957/5018"	3
"R-HSA-5419276"	"Mitochondrial translation termination"	"3/41"	"87/10654"	0.00448199905025281	0.261415135418261	0.255194208971795	"64981/28957/5018"	3
"R-HSA-72163"	"mRNA Splicing - Major Pathway"	"4/41"	"183/10654"	0.00519563290658045	0.261415135418261	0.255194208971795	"51645/23020/6631/55339"	4
"R-HSA-5368287"	"Mitochondrial translation"	"3/41"	"93/10654"	0.00540048128946381	0.261415135418261	0.255194208971795	"64981/28957/5018"	3
