"ID"	"Description"	"GeneRatio"	"BgRatio"	"pvalue"	"p.adjust"	"qvalue"	"geneID"	"Count"
"R-HSA-76009"	"Platelet Aggregation (Plug Formation)"	"2/35"	"39/10654"	0.00719900601585549	0.275755252120357	0.250737931479497	"151/5908"	2
"R-HSA-1793185"	"Chondroitin sulfate/dermatan sulfate metabolism"	"2/35"	"50/10654"	0.0116357231600315	0.275755252120357	0.250737931479497	"411/221914"	2
"R-HSA-5368286"	"Mitochondrial translation initiation"	"2/35"	"87/10654"	0.0329495743482979	0.275755252120357	0.250737931479497	"29088/64969"	2
"R-HSA-5389840"	"Mitochondrial translation elongation"	"2/35"	"87/10654"	0.0329495743482979	0.275755252120357	0.250737931479497	"29088/64969"	2
"R-HSA-5419276"	"Mitochondrial translation termination"	"2/35"	"87/10654"	0.0329495743482979	0.275755252120357	0.250737931479497	"29088/64969"	2
"R-HSA-428157"	"Sphingolipid metabolism"	"2/35"	"89/10654"	0.0343509804605811	0.275755252120357	0.250737931479497	"411/8879"	2
