"ID"	"Description"	"GeneRatio"	"BgRatio"	"pvalue"	"p.adjust"	"qvalue"	"geneID"	"Count"
"R-HSA-2214320"	"Anchoring fibril formation"	"2/34"	"15/10654"	0.0010113263166607	0.0872832519623171	0.0764355766852667	"1286/3914"	2
"R-HSA-6796648"	"TP53 Regulates Transcription of DNA Repair Genes"	"3/34"	"65/10654"	0.00113318177343893	0.0872832519623171	0.0764355766852667	"1111/2962/2965"	3
"R-HSA-72766"	"Translation"	"5/34"	"291/10654"	0.00213359118472623	0.0872832519623171	0.0764355766852667	"64978/51116/51081/9045/6734"	5
"R-HSA-5368286"	"Mitochondrial translation initiation"	"3/34"	"87/10654"	0.00262142047069413	0.0872832519623171	0.0764355766852667	"64978/51116/51081"	3
"R-HSA-5389840"	"Mitochondrial translation elongation"	"3/34"	"87/10654"	0.00262142047069413	0.0872832519623171	0.0764355766852667	"64978/51116/51081"	3
"R-HSA-5419276"	"Mitochondrial translation termination"	"3/34"	"87/10654"	0.00262142047069413	0.0872832519623171	0.0764355766852667	"64978/51116/51081"	3
