"ID"	"Description"	"GeneRatio"	"BgRatio"	"pvalue"	"p.adjust"	"qvalue"	"geneID"	"Count"
"R-HSA-5682910"	"LGI-ADAM interactions"	"3/39"	"14/10654"	1.60552007667058e-05	0.00472022902541152	0.00442785536934414	"4185/8745/1742"	3
"R-HSA-9617629"	"Regulation of FOXO transcriptional activity by acetylation"	"2/39"	"10/10654"	0.000576802951313546	0.0847900338430912	0.0795380911811311	"2033/23411"	2
"R-HSA-3371556"	"Cellular response to heat stress"	"3/39"	"89/10654"	0.00414450484408821	0.331939490793494	0.311378970955587	"2033/5903/23411"	3
"R-HSA-1980145"	"Signaling by NOTCH2"	"2/39"	"33/10654"	0.00641784213901448	0.331939490793494	0.311378970955587	"83464/2033"	2
"R-HSA-9012852"	"Signaling by NOTCH3"	"2/39"	"49/10654"	0.013778179744375	0.331939490793494	0.311378970955587	"83464/2033"	2
"R-HSA-6794361"	"Neurexins and neuroligins"	"2/39"	"56/10654"	0.017755655973879	0.331939490793494	0.311378970955587	"1742/85358"	2
