"ID"	"Description"	"GeneRatio"	"BgRatio"	"pvalue"	"p.adjust"	"qvalue"	"geneID"	"Count"
"R-HSA-71291"	"Metabolism of amino acids and derivatives"	"7/44"	"372/10654"	0.0007505874758258	0.266458553918159	0.263890754658755	"191/2752/169355/5684/6134/200916/7306"	7
"R-HSA-5683826"	"Surfactant metabolism"	"2/44"	"30/10654"	0.00673801889340551	0.40014089439382	0.396284829436726	"1439/2627"	2
"R-HSA-6791226"	"Major pathway of rRNA processing in the nucleolus and cytosol"	"4/44"	"185/10654"	0.00695136208765232	0.40014089439382	0.396284829436726	"10438/10199/6134/200916"	4
"R-HSA-8868773"	"rRNA processing in the nucleus and cytosol"	"4/44"	"195/10654"	0.00834309184144863	0.40014089439382	0.396284829436726	"10438/10199/6134/200916"	4
"R-HSA-72312"	"rRNA processing"	"4/44"	"205/10654"	0.00990711607271471	0.40014089439382	0.396284829436726	"10438/10199/6134/200916"	4
"R-HSA-2408522"	"Selenoamino acid metabolism"	"3/44"	"118/10654"	0.0126113300931549	0.40014089439382	0.396284829436726	"191/6134/200916"	3
