"ID"	"Description"	"GeneRatio"	"BgRatio"	"pvalue"	"p.adjust"	"qvalue"	"geneID"	"Count"
"R-HSA-1428517"	"The citric acid (TCA) cycle and respiratory electron transport"	"4/38"	"174/10654"	0.00328997954728945	0.269564848688976	0.243873746466841	"1743/5160/7384/7386"	4
"R-HSA-389661"	"Glyoxylate metabolism and glycine degradation"	"2/38"	"31/10654"	0.00539672205556893	0.269564848688976	0.243873746466841	"1743/5160"	2
"R-HSA-2408522"	"Selenoamino acid metabolism"	"3/38"	"118/10654"	0.00842701128014427	0.269564848688976	0.243873746466841	"875/6134/6158"	3
"R-HSA-71291"	"Metabolism of amino acids and derivatives"	"5/38"	"372/10654"	0.00982733102963882	0.269564848688976	0.243873746466841	"875/1743/5160/6134/6158"	5
"R-HSA-8939236"	"RUNX1 regulates transcription of genes involved in differentiation of HSCs"	"3/38"	"130/10654"	0.010969408024326	0.269564848688976	0.243873746466841	"865/4005/6688"	3
"R-HSA-383280"	"Nuclear Receptor transcription pathway"	"2/38"	"52/10654"	0.0146832538932582	0.269564848688976	0.243873746466841	"2103/2494"	2
