"ID"	"Description"	"GeneRatio"	"BgRatio"	"pvalue"	"p.adjust"	"qvalue"	"geneID"	"Count"
"R-HSA-1362300"	"Transcription of E2F targets under negative control by p107 (RBL1) and p130 (RBL2) in complex with HDAC1"	"2/55"	"16/10654"	0.00299776164726925	0.412857616111034	0.412857616111034	"286826/5933"	2
"R-HSA-1362277"	"Transcription of E2F targets under negative control by DREAM complex"	"2/55"	"19/10654"	0.00422966242045135	0.412857616111034	0.412857616111034	"286826/5933"	2
"R-HSA-170834"	"Signaling by TGF-beta Receptor Complex"	"3/55"	"73/10654"	0.00627391817331337	0.412857616111034	0.412857616111034	"5499/5933/7046"	3
"R-HSA-2173788"	"Downregulation of TGF-beta receptor signaling"	"2/55"	"26/10654"	0.0078553016720716	0.412857616111034	0.412857616111034	"5499/7046"	2
"R-HSA-1538133"	"G0 and Early G1"	"2/55"	"27/10654"	0.00845582140226631	0.412857616111034	0.412857616111034	"286826/5933"	2
"R-HSA-69205"	"G1/S-Specific Transcription"	"2/55"	"28/10654"	0.00907632788405482	0.412857616111034	0.412857616111034	"286826/5933"	2
