"ID"	"Description"	"GeneRatio"	"BgRatio"	"pvalue"	"p.adjust"	"qvalue"	"geneID"	"Count"
"R-HSA-5696399"	"Global Genome Nucleotide Excision Repair (GG-NER)"	"3/34"	"84/10654"	0.00237192424776118	0.27416272716241	0.245303492724262	"10038/5982/6612"	3
"R-HSA-110373"	"Resolution of AP sites via the multiple-nucleotide patch replacement pathway"	"2/34"	"26/10654"	0.00306224232694693	0.27416272716241	0.245303492724262	"10038/5982"	2
"R-HSA-5696398"	"Nucleotide Excision Repair"	"3/34"	"111/10654"	0.0052075209282203	0.27416272716241	0.245303492724262	"10038/5982/6612"	3
"R-HSA-73933"	"Resolution of Abasic Sites (AP sites)"	"2/34"	"39/10654"	0.00680327594175438	0.27416272716241	0.245303492724262	"10038/5982"	2
"R-HSA-5696400"	"Dual Incision in GG-NER"	"2/34"	"41/10654"	0.00749867313655845	0.27416272716241	0.245303492724262	"10038/5982"	2
"R-HSA-5696395"	"Formation of Incision Complex in GG-NER"	"2/34"	"43/10654"	0.00822488181487231	0.27416272716241	0.245303492724262	"10038/6612"	2
