"ID"	"Description"	"GeneRatio"	"BgRatio"	"pvalue"	"p.adjust"	"qvalue"	"geneID"	"Count"
"R-HSA-3899300"	"SUMOylation of transcription cofactors"	"3/59"	"45/10654"	0.00194060962743966	0.377575426264541	0.366637908816649	"8535/1655/6612"	3
"R-HSA-110320"	"Translesion Synthesis by POLH"	"2/59"	"19/10654"	0.00485273397662133	0.377575426264541	0.366637908816649	"6118/83932"	2
"R-HSA-912631"	"Regulation of signaling by CBL"	"2/59"	"22/10654"	0.00648601772334509	0.377575426264541	0.366637908816649	"5296/7409"	2
"R-HSA-199977"	"ER to Golgi Anterograde Transport"	"4/59"	"154/10654"	0.0103224699799127	0.377575426264541	0.366637908816649	"84342/11014/375056/9632"	4
"R-HSA-5368286"	"Mitochondrial translation initiation"	"3/59"	"87/10654"	0.0123046996885149	0.377575426264541	0.366637908816649	"219927/64981/116541"	3
"R-HSA-5389840"	"Mitochondrial translation elongation"	"3/59"	"87/10654"	0.0123046996885149	0.377575426264541	0.366637908816649	"219927/64981/116541"	3
