"ID"	"Description"	"GeneRatio"	"BgRatio"	"pvalue"	"p.adjust"	"qvalue"	"geneID"	"Count"
"R-HSA-74752"	"Signaling by Insulin receptor"	"3/34"	"78/10654"	0.00191862283846084	0.225569254369867	0.193301587752855	"535/526/2887"	3
"R-HSA-77387"	"Insulin receptor recycling"	"2/34"	"26/10654"	0.00306224232694693	0.225569254369867	0.193301587752855	"535/526"	2
"R-HSA-917977"	"Transferrin endocytosis and recycling"	"2/34"	"31/10654"	0.00433787027634359	0.225569254369867	0.193301587752855	"535/526"	2
"R-HSA-1222556"	"ROS and RNS production in phagocytes"	"2/34"	"36/10654"	0.00581882919949643	0.226934338780361	0.194471396930539	"535/526"	2
"R-HSA-72165"	"mRNA Splicing - Minor Pathway"	"2/34"	"52/10654"	0.0118635481626982	0.235494988494072	0.201807446280345	"10081/10907"	2
"R-HSA-5620924"	"Intraflagellar transport"	"2/34"	"54/10654"	0.0127522160514161	0.235494988494072	0.201807446280345	"51668/55112"	2
