"ID"	"Description"	"GeneRatio"	"BgRatio"	"pvalue"	"p.adjust"	"qvalue"	"geneID"	"Count"
"R-HSA-1482922"	"Acyl chain remodelling of PI"	"2/34"	"17/10654"	0.00130467961529996	0.249193806522292	0.247202453425256	"79143/5321"	2
"R-HSA-3247509"	"Chromatin modifying enzymes"	"4/34"	"274/10654"	0.0108192599659572	0.378265461516281	0.375242673314581	"55869/57325/79918/10629"	4
"R-HSA-4839726"	"Chromatin organization"	"4/34"	"274/10654"	0.0108192599659572	0.378265461516281	0.375242673314581	"55869/57325/79918/10629"	4
"R-HSA-5685942"	"HDR through Homologous Recombination (HRR)"	"2/34"	"67/10654"	0.0192016311933189	0.378265461516281	0.375242673314581	"197342/5810"	2
"R-HSA-1221632"	"Meiotic synapsis"	"2/34"	"79/10654"	0.0261294796176359	0.378265461516281	0.375242673314581	"6847/50511"	2
"R-HSA-1483115"	"Hydrolysis of LPC"	"1/34"	"10/10654"	0.0314715849026697	0.378265461516281	0.375242673314581	"5321"	1
