"ID"	"Description"	"GeneRatio"	"BgRatio"	"pvalue"	"p.adjust"	"qvalue"	"geneID"	"Count"
"R-HSA-3296482"	"Defects in vitamin and cofactor metabolism"	"2/41"	"22/10654"	0.00317901172974791	0.189016845131233	0.162961891541715	"81693/64087"	2
"R-HSA-5368286"	"Mitochondrial translation initiation"	"3/41"	"87/10654"	0.00448199905025281	0.189016845131233	0.162961891541715	"54948/6150/26589"	3
"R-HSA-5389840"	"Mitochondrial translation elongation"	"3/41"	"87/10654"	0.00448199905025281	0.189016845131233	0.162961891541715	"54948/6150/26589"	3
"R-HSA-5419276"	"Mitochondrial translation termination"	"3/41"	"87/10654"	0.00448199905025281	0.189016845131233	0.162961891541715	"54948/6150/26589"	3
"R-HSA-72766"	"Translation"	"5/41"	"291/10654"	0.00491996730997551	0.189016845131233	0.162961891541715	"54948/6150/26589/6134/9045"	5
"R-HSA-5368287"	"Mitochondrial translation"	"3/41"	"93/10654"	0.00540048128946381	0.189016845131233	0.162961891541715	"54948/6150/26589"	3
