"ID"	"Description"	"GeneRatio"	"BgRatio"	"pvalue"	"p.adjust"	"qvalue"	"geneID"	"Count"
"R-HSA-5696399"	"Global Genome Nucleotide Excision Repair (GG-NER)"	"4/37"	"84/10654"	0.000194783528493764	0.0347031839942858	0.0297590824633394	"51138/64708/10714/7528"	4
"R-HSA-5696394"	"DNA Damage Recognition in GG-NER"	"3/37"	"38/10654"	0.000299165379261084	0.0347031839942858	0.0297590824633394	"51138/64708/7528"	3
"R-HSA-5696398"	"Nucleotide Excision Repair"	"4/37"	"111/10654"	0.000565507241444645	0.0437325600050526	0.037502059169487	"51138/64708/10714/7528"	4
"R-HSA-8951664"	"Neddylation"	"5/37"	"234/10654"	0.00120265656139508	0.0697540805609148	0.0598163395009659	"899/51138/64708/154881/6502"	5
"R-HSA-445144"	"Signal transduction by L1"	"2/37"	"21/10654"	0.00236416244698958	0.0862113808126054	0.073928997157815	"3897/5605"	2
"R-HSA-6781827"	"Transcription-Coupled Nucleotide Excision Repair (TC-NER)"	"3/37"	"79/10654"	0.00254309835418558	0.0862113808126054	0.073928997157815	"51138/64708/10714"	3
