"ID"	"Description"	"GeneRatio"	"BgRatio"	"pvalue"	"p.adjust"	"qvalue"	"geneID"	"Count"
"R-HSA-5625900"	"RHO GTPases activate CIT"	"2/42"	"20/10654"	0.00275580347383712	0.347070629722932	0.336048844235395	"9928/9055"	2
"R-HSA-3108232"	"SUMO E3 ligases SUMOylate target proteins"	"4/42"	"182/10654"	0.00555868284106301	0.347070629722932	0.336048844235395	"9759/2494/7486/7508"	4
"R-HSA-4090294"	"SUMOylation of intracellular receptors"	"2/42"	"30/10654"	0.00615401174049021	0.347070629722932	0.336048844235395	"9759/2494"	2
"R-HSA-2990846"	"SUMOylation"	"4/42"	"188/10654"	0.006228750519713	0.347070629722932	0.336048844235395	"9759/2494/7486/7508"	4
"R-HSA-2871809"	"FCERI mediated Ca+2 mobilization"	"2/42"	"33/10654"	0.0074141371818784	0.347070629722932	0.336048844235395	"3937/4775"	2
"R-HSA-5685938"	"HDR through Single Strand Annealing (SSA)"	"2/42"	"37/10654"	0.00925937336150394	0.347070629722932	0.336048844235395	"144715/7486"	2
