"ID"	"Description"	"GeneRatio"	"BgRatio"	"pvalue"	"p.adjust"	"qvalue"	"geneID"	"Count"
"R-HSA-2262752"	"Cellular responses to stress"	"6/41"	"479/10654"	0.00944161759131365	0.358712834659097	0.354533376159654	"1869/54583/8091/55746/7296/126374"	6
"R-HSA-8953897"	"Cellular responses to external stimuli"	"6/41"	"493/10654"	0.0107958961379984	0.358712834659097	0.354533376159654	"1869/54583/8091/55746/7296/126374"	6
"R-HSA-1234176"	"Oxygen-dependent proline hydroxylation of Hypoxia-inducible Factor Alpha"	"2/41"	"66/10654"	0.026538453464395	0.358712834659097	0.354533376159654	"54583/126374"	2
"R-HSA-5685942"	"HDR through Homologous Recombination (HRR)"	"2/41"	"67/10654"	0.0272892904984666	0.358712834659097	0.354533376159654	"5427/5810"	2
"R-HSA-1234174"	"Cellular response to hypoxia"	"2/41"	"75/10654"	0.0335983237944242	0.358712834659097	0.354533376159654	"54583/126374"	2
"R-HSA-68877"	"Mitotic Prometaphase"	"3/41"	"200/10654"	0.041231586195771	0.358712834659097	0.354533376159654	"23397/55746/85378"	3
