"ID"	"Description"	"GeneRatio"	"BgRatio"	"pvalue"	"p.adjust"	"qvalue"	"geneID"	"Count"
"R-HSA-6791226"	"Major pathway of rRNA processing in the nucleolus and cytosol"	"5/42"	"185/10654"	0.000755548403011094	0.121370010759896	0.108846373915558	"11340/6134/6136/9045/22803"	5
"R-HSA-8868773"	"rRNA processing in the nucleus and cytosol"	"5/42"	"195/10654"	0.000957698481327001	0.121370010759896	0.108846373915558	"11340/6134/6136/9045/22803"	5
"R-HSA-72312"	"rRNA processing"	"5/42"	"205/10654"	0.00119773036934108	0.121370010759896	0.108846373915558	"11340/6134/6136/9045/22803"	5
"R-HSA-168273"	"Influenza Viral RNA Transcription and Replication"	"4/42"	"134/10654"	0.00184940266714926	0.124261192658309	0.111439227487888	"6134/6136/9045/81929"	4
"R-HSA-168255"	"Influenza Life Cycle"	"4/42"	"144/10654"	0.00240493081470658	0.124261192658309	0.111439227487888	"6134/6136/9045/81929"	4
"R-HSA-168254"	"Influenza Infection"	"4/42"	"155/10654"	0.00313852581333152	0.124261192658309	0.111439227487888	"6134/6136/9045/81929"	4
