"ID"	"Description"	"GeneRatio"	"BgRatio"	"pvalue"	"p.adjust"	"qvalue"	"geneID"	"Count"
"R-HSA-6791312"	"TP53 Regulates Transcription of Cell Cycle Genes"	"3/38"	"49/10654"	0.000688749436256721	0.0561207037872479	0.0475109205634484	"25904/29883/1869"	3
"R-HSA-927802"	"Nonsense-Mediated Decay (NMD)"	"4/38"	"115/10654"	0.000716434516432952	0.0561207037872479	0.0475109205634484	"4116/4686/6134/9045"	4
"R-HSA-975957"	"Nonsense Mediated Decay (NMD) enhanced by the Exon Junction Complex (EJC)"	"4/38"	"115/10654"	0.000716434516432952	0.0561207037872479	0.0475109205634484	"4116/4686/6134/9045"	4
"R-HSA-72187"	"mRNA 3'-end processing"	"3/38"	"58/10654"	0.0011282801428173	0.0662864583905165	0.056117091313808	"4116/4686/8189"	3
"R-HSA-73856"	"RNA Polymerase II Transcription Termination"	"3/38"	"67/10654"	0.00171343096894164	0.0775932097385407	0.0656892122758531	"4116/4686/8189"	3
"R-HSA-77595"	"Processing of Intronless Pre-mRNAs"	"2/38"	"19/10654"	0.00203878681372053	0.0775932097385407	0.0656892122758531	"4686/8189"	2
