"ID"	"Description"	"GeneRatio"	"BgRatio"	"pvalue"	"p.adjust"	"qvalue"	"geneID"	"Count"
"R-HSA-2214320"	"Anchoring fibril formation"	"3/34"	"15/10654"	1.31629811221782e-05	0.00358033086523246	0.00295127892528837	"1285/1286/3914"	3
"R-HSA-3000171"	"Non-integrin membrane-ECM interactions"	"4/34"	"59/10654"	3.47509132911274e-05	0.00472612420759333	0.00389576027947902	"8573/1285/1286/3914"	4
"R-HSA-3000157"	"Laminin interactions"	"3/34"	"30/10654"	0.000113671746332176	0.00822263169327219	0.00677794330753474	"1285/1286/3914"	3
"R-HSA-168254"	"Influenza Infection"	"5/34"	"155/10654"	0.000120921054312826	0.00822263169327219	0.00677794330753474	"3838/3840/6134/9045/6155"	5
"R-HSA-927802"	"Nonsense-Mediated Decay (NMD)"	"4/34"	"115/10654"	0.000465307296072811	0.0210939307553008	0.0173877989585103	"6134/9045/6155/26019"	4
"R-HSA-975957"	"Nonsense Mediated Decay (NMD) enhanced by the Exon Junction Complex (EJC)"	"4/34"	"115/10654"	0.000465307296072811	0.0210939307553008	0.0173877989585103	"6134/9045/6155/26019"	4
