"ID"	"Description"	"GeneRatio"	"BgRatio"	"pvalue"	"p.adjust"	"qvalue"	"geneID"	"Count"
"R-HSA-5368286"	"Mitochondrial translation initiation"	"8/201"	"87/10654"	0.000227839391232199	0.0574155265905142	0.0560404958785164	"29088/64981/51253/64960/54460/51649/28957/5018"	8
"R-HSA-5389840"	"Mitochondrial translation elongation"	"8/201"	"87/10654"	0.000227839391232199	0.0574155265905142	0.0560404958785164	"29088/64981/51253/64960/54460/51649/28957/5018"	8
"R-HSA-5419276"	"Mitochondrial translation termination"	"8/201"	"87/10654"	0.000227839391232199	0.0574155265905142	0.0560404958785164	"29088/64981/51253/64960/54460/51649/28957/5018"	8
"R-HSA-5368287"	"Mitochondrial translation"	"8/201"	"93/10654"	0.000360637323824376	0.0610781473353912	0.0596154013953066	"29088/64981/51253/64960/54460/51649/28957/5018"	8
"R-HSA-72766"	"Translation"	"15/201"	"291/10654"	0.000403956000895444	0.0610781473353912	0.0596154013953066	"8667/23438/51520/29088/64981/51253/64960/54460/51649/28957/29104/5018/25973/6134/58477"	15
"R-HSA-111471"	"Apoptotic factor-mediated response"	"3/201"	"18/10654"	0.00437982569920552	0.471531474711315	0.46023888021809	"708/5594/331"	3
