"ID"	"Description"	"GeneRatio"	"BgRatio"	"pvalue"	"p.adjust"	"qvalue"	"geneID"	"Count"
"R-HSA-428540"	"Activation of RAC1"	"4/243"	"14/10654"	0.000220723089944615	0.0834155528350182	0.0814906252490314	"5063/9353/6654/6655"	4
"R-HSA-1989781"	"PPARA activates gene expression"	"10/243"	"117/10654"	0.000333237593827155	0.0834155528350182	0.0814906252490314	"211/1374/2033/9440/219541/9862/90390/4802/133522/6667"	10
"R-HSA-400206"	"Regulation of lipid metabolism by Peroxisome proliferator-activated receptor alpha (PPARalpha)"	"10/243"	"119/10654"	0.000382026737273962	0.0834155528350182	0.0814906252490314	"211/1374/2033/9440/219541/9862/90390/4802/133522/6667"	10
"R-HSA-3781860"	"Diseases associated with N-glycosylation of proteins"	"4/243"	"17/10654"	0.000497245521193367	0.0834155528350182	0.0814906252490314	"79087/79796/4247/7841"	4
"R-HSA-5368286"	"Mitochondrial translation initiation"	"8/243"	"87/10654"	0.000807619460366704	0.0834155528350182	0.0814906252490314	"29074/219927/116540/55173/28957/65993/64969/5018"	8
"R-HSA-5389840"	"Mitochondrial translation elongation"	"8/243"	"87/10654"	0.000807619460366704	0.0834155528350182	0.0814906252490314	"29074/219927/116540/55173/28957/65993/64969/5018"	8
